campaign_name,fecha,impressions,clicks,cost,conversions,ctr,avg_cpc,channel_type
ClienteA_Search_Marca_NOV,2025-01-07,2,2,2.51,1,1,1.255,SEARCH
ClienteA_Search_Categoría_NOV,2025-01-07,17,0,0.0,0,0,0.0,SEARCH
ClienteA_Search_Competencia_NOV,2025-01-07,57,7,7.31,0,0.12280701754385964,1.044285,SEARCH
ClienteA_Search_Marca_NOV,2025-01-08,31,11,3.04,5,0.3548387096774194,0.276363,SEARCH
ClienteA_Search_Categoría_NOV,2025-01-08,263,35,80.0,4,0.13307984790874525,2.285714,SEARCH
ClienteA_Search_Competencia_NOV,2025-01-08,269,26,45.76,4.053994,0.09665427509293681,1.76,SEARCH
CA_AutoKM AO_Search_Leads_Enero2025_SG,2025-01-10,1476,108,117.4,23.681326,0.07317073170731707,1.087037,SEARCH
CA_AutoTradicional_Search_Leads_Enero2025_HC,2025-01-10,4,0,0.0,0,0,0.0,SEARCH
CA_MotoKM_Search_Leads_Enero2025_HC,2025-01-10,2,0,0.0,0,0,0.0,SEARCH
CA_AutoKM AO_Search_Leads_Enero2025_SG,2025-01-11,982,84,67.8204,1,0.0855397148676171,0.807385,SEARCH
CA_AutoTradicional_Search_Leads_Enero2025_HC,2025-01-11,343,15,35.69,0,0.043731778425655975,2.379333,SEARCH
CA_MotoKM_Search_Leads_Enero2025_HC,2025-01-11,45,9,9.141897,0,0.2,1.015766,SEARCH
CA_AutoKM AO_Search_Leads_Enero2025_SG,2025-01-12,1194,111,58.444377,5,0.09296482412060302,0.526525,SEARCH
CA_AutoTradicional_Search_Leads_Enero2025_HC,2025-01-12,430,26,90.123564,1,0.06046511627906977,3.46629,SEARCH
CA_MotoKM_Search_Leads_Enero2025_HC,2025-01-12,57,9,8.453616,0,0.15789473684210525,0.93929,SEARCH
CA_AutoKM AO_Search_Leads_Enero2025_SG,2025-01-13,1923,194,61.035744,10,0.10088403536141445,0.314617,SEARCH
CA_AutoTradicional_Search_Leads_Enero2025_HC,2025-01-13,463,30,122.697098,9,0.06479481641468683,4.089903,SEARCH
CA_MotoKM_Search_Leads_Enero2025_HC,2025-01-13,116,7,11.193914,0,0.0603448275862069,1.59913,SEARCH
CA_AutoKM AO_Search_Leads_Enero2025_SG,2025-01-14,4953,296,70.074825,22,0.05976176054916212,0.236739,SEARCH
CA_AutoTradicional_Search_Leads_Enero2025_HC,2025-01-14,291,21,72.55,4,0.07216494845360824,3.454761,SEARCH
CA_MotoKM_Search_Leads_Enero2025_HC,2025-01-14,103,13,17.14,1,0.1262135922330097,1.318461,SEARCH
CA_AutoKM AO_Search_Leads_Enero2025_SG,2025-01-15,2764,159,48.634955,2.125492,0.05752532561505065,0.30588,SEARCH
CA_AutoTradicional_Search_Leads_Enero2025_HC,2025-01-15,578,25,79.5,11,0.04325259515570934,3.18,SEARCH
CA_MotoKM_Search_Leads_Enero2025_HC,2025-01-15,153,11,22.70921,0,0.0718954248366013,2.064473,SEARCH
CA_AutoKM AO_Search_Leads_Enero2025_SG,2025-01-16,3064,258,65.472074,16,0.08420365535248042,0.253767,SEARCH
CA_AutoTradicional_Search_Leads_Enero2025_HC,2025-01-16,283,20,73.884132,3,0.0706713780918728,3.694206,SEARCH
CA_MotoKM_Search_Leads_Enero2025_HC,2025-01-16,54,9,16.46,0,0.16666666666666666,1.828888,SEARCH
CA_AutoKM AO_Search_Leads_Enero2025_SG,2025-01-17,2602,238,63.455041,8.5,0.09146810146041506,0.266617,SEARCH
CA_AutoTradicional_Search_Leads_Enero2025_HC,2025-01-17,417,39,72.425682,14.5,0.09352517985611511,1.857068,SEARCH
CA_MotoKM_Search_Leads_Enero2025_HC,2025-01-17,89,4,15.4,0,0.0449438202247191,3.85,SEARCH
CA_AutoKM AO_Search_Leads_Enero2025_SG,2025-01-18,2326,168,29.022239,2,0.07222699914015478,0.172751,SEARCH
CA_AutoTradicional_Search_Leads_Enero2025_HC,2025-01-18,477,25,56.494773,11,0.05241090146750524,2.25979,SEARCH
CA_MotoKM_Search_Leads_Enero2025_HC,2025-01-18,87,9,20.089345,0,0.10344827586206896,2.232149,SEARCH
CA_AutoKM AO_Search_Leads_Enero2025_SG,2025-01-19,2446,201,49.372526,2,0.0821749795584628,0.245634,SEARCH
CA_AutoTradicional_Search_Leads_Enero2025_HC,2025-01-19,438,29,67.940208,9.669247,0.06621004566210045,2.342765,SEARCH
CA_MotoKM_Search_Leads_Enero2025_HC,2025-01-19,83,8,6.1,0,0.0963855421686747,0.7625,SEARCH
CA_AutoKM AO_Search_Leads_Enero2025_SG,2025-01-20,3023,248,74.937089,18.689991,0.08203771088322859,0.302165,SEARCH
CA_AutoTradicional_Search_Leads_Enero2025_HC,2025-01-20,259,25,59.875179,4,0.09652509652509653,2.395007,SEARCH
CA_MotoKM_Search_Leads_Enero2025_HC,2025-01-20,44,4,11.840358,0,0.09090909090909091,2.960089,SEARCH
CA_AutoKM AO_Search_Leads_Enero2025_SG,2025-01-21,4037,352,94.240139,29.732938,0.08719346049046321,0.267727,SEARCH
CA_AutoTradicional_Search_Leads_Enero2025_HC,2025-01-21,343,20,61.045203,0,0.05830903790087463,3.05226,SEARCH
CA_MotoKM_Search_Leads_Enero2025_HC,2025-01-21,101,11,11.462431,0,0.10891089108910891,1.042039,SEARCH
CA_AutoKM AO_Search_Leads_Enero2025_SG,2025-01-22,2006,129,34.577934,8.692493,0.06430707876370888,0.268046,SEARCH
CA_AutoTradicional_Search_Leads_Enero2025_HC,2025-01-22,379,20,53.863614,1,0.052770448548812667,2.69318,SEARCH
CA_MotoKM_Search_Leads_Enero2025_HC,2025-01-22,16,5,12.349195,0,0.3125,2.469839,SEARCH
CA_AutoKM AO_Search_Leads_Enero2025_SG,2025-01-23,2721,99,29.94567,8,0.03638368246968027,0.302481,SEARCH
CA_AutoTradicional_Search_Leads_Enero2025_HC,2025-01-23,266,26,59.25,0,0.09774436090225563,2.278846,SEARCH
CA_MotoKM_Search_Leads_Enero2025_HC,2025-01-23,78,10,10.550325,0,0.1282051282051282,1.055032,SEARCH
CA_AutoKM AO_Search_Leads_Enero2025_SG,2025-01-24,3640,336,96.553516,6,0.09230769230769231,0.287361,SEARCH
CA_AutoTradicional_Search_Leads_Enero2025_HC,2025-01-24,474,29,62.838279,2,0.06118143459915612,2.166837,SEARCH
CA_MotoKM_Search_Leads_Enero2025_HC,2025-01-24,120,9,7.72,2,0.075,0.857777,SEARCH
CA_AutoKM AO_Search_Leads_Enero2025_SG,2025-01-25,1931,192,52.445782,7,0.09943034697048161,0.273155,SEARCH
CA_AutoTradicional_Search_Leads_Enero2025_HC,2025-01-25,308,19,26.738956,0,0.06168831168831169,1.407313,SEARCH
CA_MotoKM_Search_Leads_Enero2025_HC,2025-01-25,144,11,8.39,0,0.0763888888888889,0.762727,SEARCH
CA_AutoKM AO_Search_Leads_Enero2025_SG,2025-01-26,5166,250,48.08,1,0.04839334107626791,0.19232,SEARCH
CA_AutoTradicional_Search_Leads_Enero2025_HC,2025-01-26,322,30,48.107519,3.993136,0.09316770186335403,1.603583,SEARCH
CA_MotoKM_Search_Leads_Enero2025_HC,2025-01-26,70,7,7.33,0,0.1,1.047142,SEARCH
CA_AutoKM AO_Search_Leads_Enero2025_SG,2025-01-27,3985,258,75.585763,11,0.06474278544542032,0.292968,SEARCH
CA_AutoTradicional_Search_Leads_Enero2025_HC,2025-01-27,303,29,82.35,5,0.09570957095709572,2.839655,SEARCH
CA_MotoKM_Search_Leads_Enero2025_HC,2025-01-27,151,12,15.14,0,0.07947019867549669,1.261666,SEARCH
CA_AutoKM AO_Search_Leads_Enero2025_SG,2025-01-28,2061,112,31.329444,3.707857,0.054342552159146046,0.279727,SEARCH
CA_AutoTradicional_Search_Leads_Enero2025_HC,2025-01-28,420,35,66.566854,2,0.08333333333333333,1.90191,SEARCH
CA_MotoKM_Search_Leads_Enero2025_HC,2025-01-28,106,11,12.22,0,0.10377358490566038,1.110909,SEARCH
CA_AutoKM AO_Search_Leads_Enero2025_SG,2025-01-29,761,36,19.036798,4,0.04730617608409987,0.528799,SEARCH
CA_AutoTradicional_Search_Leads_Enero2025_HC,2025-01-29,1242,75,58.342395,5.5,0.06038647342995169,0.777898,SEARCH
CA_MotoKM_Search_Leads_Enero2025_HC,2025-01-29,79,10,10.34,1,0.12658227848101267,1.034,SEARCH
CA_AutoKM AO_Search_Leads_Enero2025_SG,2025-01-30,885,50,62.119087,4,0.05649717514124294,1.242381,SEARCH
CA_AutoTradicional_Search_Leads_Enero2025_HC,2025-01-30,2040,73,55.343759,2,0.035784313725490194,0.758133,SEARCH
CA_MotoKM_Search_Leads_Enero2025_HC,2025-01-30,617,31,12.077705,0,0.050243111831442464,0.389603,SEARCH
CA_AutoKM AO_Search_Leads_Enero2025_SG,2025-01-31,932,57,63.29911,9,0.0611587982832618,1.11051,SEARCH
CA_AutoTradicional_Search_Leads_Enero2025_HC,2025-01-31,3834,329,46.444818,1,0.08581116327595201,0.141169,SEARCH
CA_MotoKM_Search_Leads_Enero2025_HC,2025-01-31,1107,73,10.549979,0,0.06594399277326106,0.14452,SEARCH
CA_AutoKM_Display_Remarketing_Febrero2025_SG,2025-01-31,12,0,0.0,0,0,0.0,DISPLAY
CA_AutoKM AO_Search_Leads_Enero2025_SG,2025-02-01,546,31,55.936602,4,0.056776556776556776,1.804406,SEARCH
CA_AutoTradicional_Search_Leads_Enero2025_HC,2025-02-01,1048,89,23.833657,3,0.08492366412213741,0.267793,SEARCH
CA_MotoKM_Search_Leads_Enero2025_HC,2025-02-01,901,48,5.624045,0,0.05327413984461709,0.117167,SEARCH
CA_MotoKM_Display_Remarketing_Febrero2025,2025-02-01,1931,144,6.739883,0,0.07457276022786122,0.046804,DISPLAY
CA_AutoKM_Display_Remarketing_Febrero2025_SG,2025-02-01,5326,328,15.30533,0,0.06158467893353361,0.046662,DISPLAY
CA_AutoTradicional_Display_Remarketing_Febrero2025_SG,2025-02-01,4232,276,13.922891,0,0.06521739130434782,0.050445,DISPLAY
CA_AutoKM AO_Search_Leads_Enero2025_SG,2025-02-02,1463,27,46.028334,3,0.01845522898154477,1.704753,SEARCH
CA_AutoTradicional_Search_Leads_Enero2025_HC,2025-02-02,105,9,8.06,0.75,0.08571428571428572,0.895555,SEARCH
CA_MotoKM_Search_Leads_Enero2025_HC,2025-02-02,1520,98,7.673149,1,0.06447368421052632,0.078297,SEARCH
CA_MotoKM_Display_Remarketing_Febrero2025,2025-02-02,2700,184,7.583375,0,0.06814814814814815,0.041213,DISPLAY
CA_AutoKM_Display_Remarketing_Febrero2025_SG,2025-02-02,7899,461,15.827285,1,0.05836181795163945,0.034332,DISPLAY
CA_AutoTradicional_Display_Remarketing_Febrero2025_SG,2025-02-02,4470,404,14.905955,0,0.09038031319910514,0.036895,DISPLAY
CA_AutoKM AO_Search_Leads_Enero2025_SG,2025-02-03,2098,42,40.418646,3,0.02001906577693041,0.962348,SEARCH
CA_AutoTradicional_Search_Leads_Enero2025_HC,2025-02-03,1981,50,56.736918,6,0.02523977788995457,1.134738,SEARCH
CA_MotoKM_Search_Leads_Enero2025_HC,2025-02-03,1679,79,28.089268,3,0.04705181655747469,0.35556,SEARCH
CA_MotoKM_Display_Remarketing_Febrero2025,2025-02-03,3588,209,7.570383,0,0.05824972129319955,0.036221,DISPLAY
CA_AutoKM_Display_Remarketing_Febrero2025_SG,2025-02-03,5645,418,16.501544,0,0.07404782993799823,0.039477,DISPLAY
CA_AutoTradicional_Display_Remarketing_Febrero2025_SG,2025-02-03,2917,396,14.687974,0,0.13575591360987316,0.03709,DISPLAY
CA_AutoKM AO_Search_Leads_Enero2025_SG,2025-02-04,1960,38,36.304678,8.3616,0.019387755102040816,0.955386,SEARCH
CA_AutoTradicional_Search_Leads_Enero2025_HC,2025-02-04,2564,78,32.324369,8,0.030421216848673948,0.414414,SEARCH
CA_MotoKM_Search_Leads_Enero2025_HC,2025-02-04,1664,109,18.690379,0,0.0655048076923077,0.171471,SEARCH
CA_MotoKM_Display_Remarketing_Febrero2025,2025-02-04,2695,260,7.256238,0,0.09647495361781076,0.027908,DISPLAY
CA_AutoKM_Display_Remarketing_Febrero2025_SG,2025-02-04,6995,326,15.686618,0,0.04660471765546819,0.048118,DISPLAY
CA_AutoTradicional_Display_Remarketing_Febrero2025_SG,2025-02-04,3359,453,14.260679,0,0.13486156594224472,0.03148,DISPLAY
CA_AutoKM AO_Search_Leads_Enero2025_SG,2025-02-05,1265,28,34.573631,3,0.022134387351778657,1.234772,SEARCH
CA_AutoTradicional_Search_Leads_Enero2025_HC,2025-02-05,2549,47,31.94005,3.996396,0.018438603373872108,0.679575,SEARCH
CA_MotoKM_Search_Leads_Enero2025_HC,2025-02-05,396,41,20.246041,0.022573,0.10353535353535354,0.493805,SEARCH
CA_MotoKM_Display_Remarketing_Febrero2025,2025-02-05,3032,247,7.440304,1.977427,0.08146437994722955,0.030122,DISPLAY
CA_AutoKM_Display_Remarketing_Febrero2025_SG,2025-02-05,12517,465,18.544368,0,0.037149476711672125,0.03988,DISPLAY
CA_AutoTradicional_Display_Remarketing_Febrero2025_SG,2025-02-05,3884,493,14.663062,0,0.12693099897013388,0.029742,DISPLAY
CA_AutoKM AO_Search_Leads_Enero2025_SG,2025-02-06,1369,24,21.505131,3.5,0.017531044558071585,0.896047,SEARCH
CA_AutoTradicional_Search_Leads_Enero2025_HC,2025-02-06,2152,34,38.740853,8,0.015799256505576207,1.139436,SEARCH
CA_MotoKM_Search_Leads_Enero2025_HC,2025-02-06,763,64,19.912404,2,0.08387942332896461,0.311131,SEARCH
CA_MotoKM_Display_Remarketing_Febrero2025,2025-02-06,1690,115,4.39384,1,0.06804733727810651,0.038207,DISPLAY
CA_AutoKM_Display_Remarketing_Febrero2025_SG,2025-02-06,7947,440,18.215848,1,0.055366805083679374,0.041399,DISPLAY
CA_AutoTradicional_Display_Remarketing_Febrero2025_SG,2025-02-06,4612,438,15.528602,0,0.09496964440589765,0.035453,DISPLAY
CA_AutoKM AO_Search_Leads_Enero2025_SG,2025-02-07,1106,39,42.609851,7.666666,0.0352622061482821,1.09256,SEARCH
CA_AutoTradicional_Search_Leads_Enero2025_HC,2025-02-07,1186,18,27.866358,6,0.01517706576728499,1.548131,SEARCH
CA_MotoKM_Search_Leads_Enero2025_HC,2025-02-07,261,19,12.232547,0,0.07279693486590039,0.643818,SEARCH
CA_MotoKM_Display_Remarketing_Febrero2025,2025-02-07,9619,258,10.312935,0,0.02682191495997505,0.039972,DISPLAY
CA_AutoKM_Display_Remarketing_Febrero2025_SG,2025-02-07,6472,395,14.832414,0,0.06103213844252163,0.03755,DISPLAY
CA_AutoTradicional_Display_Remarketing_Febrero2025_SG,2025-02-07,4949,401,14.715807,0,0.08102646999393817,0.036697,DISPLAY
CA_AutoKM AO_Search_Leads_Enero2025_SG,2025-02-08,1088,32,25.583215,4,0.029411764705882353,0.799475,SEARCH
CA_AutoTradicional_Search_Leads_Enero2025_HC,2025-02-08,1833,25,9.397837,3,0.013638843426077468,0.375913,SEARCH
CA_MotoKM_Search_Leads_Enero2025_HC,2025-02-08,199,16,4.664694,0,0.08040201005025126,0.291543,SEARCH
CA_MotoKM_Display_Remarketing_Febrero2025,2025-02-08,5673,217,7.726263,0,0.03825136612021858,0.035604,DISPLAY
CA_AutoKM_Display_Remarketing_Febrero2025_SG,2025-02-08,6767,312,17.377956,0,0.0461061031476282,0.055698,DISPLAY
CA_AutoTradicional_Display_Remarketing_Febrero2025_SG,2025-02-08,4648,453,13.887635,0,0.09746127366609295,0.030657,DISPLAY
CA_AutoKM AO_Search_Leads_Enero2025_SG,2025-02-09,936,23,22.410651,4,0.024572649572649572,0.974376,SEARCH
CA_AutoTradicional_Search_Leads_Enero2025_HC,2025-02-09,2396,18,4.05173,1,0.007512520868113523,0.225096,SEARCH
CA_MotoKM_Search_Leads_Enero2025_HC,2025-02-09,796,47,10.517391,1,0.059045226130653265,0.223774,SEARCH
CA_MotoKM_Display_Remarketing_Febrero2025,2025-02-09,5784,237,7.574645,1,0.040975103734439834,0.03196,DISPLAY
CA_AutoKM_Display_Remarketing_Febrero2025_SG,2025-02-09,9235,360,14.975746,0,0.03898213318895506,0.041599,DISPLAY
CA_AutoTradicional_Display_Remarketing_Febrero2025_SG,2025-02-09,4518,468,15.645004,0,0.10358565737051793,0.033429,DISPLAY
CA_AutoKM AO_Search_Leads_Enero2025_SG,2025-02-10,1278,35,34.694158,11,0.027386541471048513,0.991261,SEARCH
CA_AutoTradicional_Search_Leads_Enero2025_HC,2025-02-10,1862,28,21.157055,1,0.015037593984962405,0.755609,SEARCH
CA_MotoKM_Search_Leads_Enero2025_HC,2025-02-10,527,22,25.276428,2,0.04174573055028463,1.148928,SEARCH
CA_MotoKM_Display_Remarketing_Febrero2025,2025-02-10,9978,186,7.144774,0,0.018641010222489478,0.038412,DISPLAY
CA_AutoKM_Display_Remarketing_Febrero2025_SG,2025-02-10,8865,262,15.295053,0,0.02955442752397067,0.058378,DISPLAY
CA_AutoTradicional_Display_Remarketing_Febrero2025_SG,2025-02-10,4637,381,14.395506,0,0.08216519301272375,0.037783,DISPLAY
CA_AutoKM AO_Search_Leads_Enero2025_SG,2025-02-11,1822,32,40.684722,10,0.01756311745334797,1.271397,SEARCH
CA_AutoTradicional_Search_Leads_Enero2025_HC,2025-02-11,3085,28,33.32,2,0.00907617504051864,1.19,SEARCH
CA_MotoKM_Search_Leads_Enero2025_HC,2025-02-11,309,19,21.412878,0,0.061488673139158574,1.126993,SEARCH
CA_MotoKM_Display_Remarketing_Febrero2025,2025-02-11,16506,225,7.301445,1,0.013631406761177753,0.03245,DISPLAY
CA_AutoKM_Display_Remarketing_Febrero2025_SG,2025-02-11,19170,195,14.648841,1,0.010172143974960876,0.075122,DISPLAY
CA_AutoTradicional_Display_Remarketing_Febrero2025_SG,2025-02-11,5944,407,15.375387,0,0.06847240915208613,0.037777,DISPLAY
CA_AutoKM AO_Search_Leads_Enero2025_SG,2025-02-12,1122,32,48.434961,8.742687,0.0285204991087344,1.513592,SEARCH
CA_AutoTradicional_Search_Leads_Enero2025_HC,2025-02-12,1858,31,32.270444,6.5,0.016684607104413347,1.040982,SEARCH
CA_MotoKM_Search_Leads_Enero2025_HC,2025-02-12,296,15,19.685264,0,0.05067567567567568,1.31235,SEARCH
CA_MotoKM_Display_Remarketing_Febrero2025,2025-02-12,22784,196,7.536956,0,0.00860252808988764,0.038453,DISPLAY
CA_AutoKM_Display_Remarketing_Febrero2025_SG,2025-02-12,20514,145,15.268213,2.445714,0.007068343570244711,0.105298,DISPLAY
CA_AutoTradicional_Display_Remarketing_Febrero2025_SG,2025-02-12,4266,386,14.610769,0,0.09048288795124239,0.037851,DISPLAY
CA_AutoKM AO_Search_Leads_Enero2025_SG,2025-02-13,969,29,39.7586,4.57522,0.029927760577915376,1.370986,SEARCH
CA_AutoTradicional_Search_Leads_Enero2025_HC,2025-02-13,845,19,32.568485,8,0.022485207100591716,1.71413,SEARCH
CA_MotoKM_Search_Leads_Enero2025_HC,2025-02-13,294,13,13.747391,0,0.04421768707482993,1.057491,SEARCH
CA_MotoKM_Display_Remarketing_Febrero2025,2025-02-13,17746,201,7.245263,1,0.011326496111799842,0.036046,DISPLAY
CA_AutoKM_Display_Remarketing_Febrero2025_SG,2025-02-13,27108,137,15.699455,2,0.00505385863951601,0.114594,DISPLAY
CA_AutoTradicional_Display_Remarketing_Febrero2025_SG,2025-02-13,3763,361,14.290128,0,0.09593409513685888,0.039584,DISPLAY
CA_AutoKM AO_Search_Leads_Enero2025_SG,2025-02-14,360,17,16.437062,0,0.04722222222222222,0.966886,SEARCH
CA_AutoTradicional_Search_Leads_Enero2025_HC,2025-02-14,135,6,12.25,0,0.044444444444444446,2.041666,SEARCH
CA_MotoKM_Search_Leads_Enero2025_HC,2025-02-14,294,30,11.924818,1,0.10204081632653061,0.397493,SEARCH
CA_MotoKM_Display_Remarketing_Febrero2025,2025-02-14,12951,82,7.040907,0,0.006331557408694309,0.085864,DISPLAY
CA_AutoKM_Display_Remarketing_Febrero2025_SG,2025-02-14,32474,277,15.47564,0,0.008529900843751924,0.055868,DISPLAY
CA_AutoTradicional_Display_Remarketing_Febrero2025_SG,2025-02-14,2945,335,14.340834,0,0.11375212224108659,0.042808,DISPLAY
CA_AutoKM AO_Search_Leads_Enero2025_SG,2025-02-15,446,25,77.79072,3,0.05605381165919283,3.111628,SEARCH
CA_AutoTradicional_Search_Leads_Enero2025_HC,2025-02-15,208,13,7.79,0,0.0625,0.59923,SEARCH
CA_MotoKM_Search_Leads_Enero2025_HC,2025-02-15,205,17,14.424838,0,0.08292682926829269,0.848519,SEARCH
CA_MotoKM_Display_Remarketing_Febrero2025,2025-02-15,8112,163,7.183753,0,0.02009368836291913,0.044072,DISPLAY
CA_AutoKM_Display_Remarketing_Febrero2025_SG,2025-02-15,18274,283,16.235937,0,0.015486483528510451,0.05737,DISPLAY
CA_AutoTradicional_Display_Remarketing_Febrero2025_SG,2025-02-15,2850,313,14.716559,0,0.10982456140350877,0.047017,DISPLAY
CA_AutoKM AO_Search_Leads_Enero2025_SG,2025-02-16,326,17,45.723705,1,0.05214723926380368,2.689629,SEARCH
CA_AutoTradicional_Search_Leads_Enero2025_HC,2025-02-16,846,87,59.885256,1,0.10283687943262411,0.688336,SEARCH
CA_MotoKM_Search_Leads_Enero2025_HC,2025-02-16,202,11,7.080043,0,0.054455445544554455,0.64364,SEARCH
CA_MotoKM_Display_Remarketing_Febrero2025,2025-02-16,4313,239,7.083723,0,0.05541386505912358,0.029639,DISPLAY
CA_AutoKM_Display_Remarketing_Febrero2025_SG,2025-02-16,10677,309,15.041421,0,0.028940713683618995,0.048677,DISPLAY
CA_AutoTradicional_Display_Remarketing_Febrero2025_SG,2025-02-16,2818,326,14.758187,0,0.1156848828956707,0.04527,DISPLAY
CA_AutoKM AO_Search_Leads_Enero2025_SG,2025-02-17,615,72,45.420198,11.737565,0.11707317073170732,0.630836,SEARCH
CA_AutoTradicional_Search_Leads_Enero2025_HC,2025-02-17,301,31,88.170792,4,0.10299003322259136,2.844219,SEARCH
CA_MotoKM_Search_Leads_Enero2025_HC,2025-02-17,170,13,25.915844,0,0.07647058823529412,1.993526,SEARCH
CA_MotoKM_Display_Remarketing_Febrero2025,2025-02-17,9620,202,7.527902,0,0.020997920997921,0.037266,DISPLAY
CA_AutoKM_Display_Remarketing_Febrero2025_SG,2025-02-17,16400,286,14.98777,0,0.017439024390243904,0.052404,DISPLAY
CA_AutoTradicional_Display_Remarketing_Febrero2025_SG,2025-02-17,3866,369,14.098241,1,0.09544749094671495,0.038206,DISPLAY
CA_AutoKM AO_Search_Leads_Enero2025_SG,2025-02-18,316,23,54.784402,8.738132,0.07278481012658228,2.38193,SEARCH
CA_AutoTradicional_Search_Leads_Enero2025_HC,2025-02-18,335,23,61.928528,3,0.06865671641791045,2.692544,SEARCH
CA_MotoKM_Search_Leads_Enero2025_HC,2025-02-18,101,13,20.277714,0,0.12871287128712872,1.559824,SEARCH
CA_MotoKM_Display_Remarketing_Febrero2025,2025-02-18,6025,175,7.325975,2,0.029045643153526972,0.041862,DISPLAY
CA_AutoKM_Display_Remarketing_Febrero2025_SG,2025-02-18,12779,149,18.563435,0,0.0116597542843728,0.124586,DISPLAY
CA_AutoTradicional_Display_Remarketing_Febrero2025_SG,2025-02-18,3811,356,14.63567,0,0.09341380215166623,0.041111,DISPLAY
CA_AutoKM AO_Search_Leads_Enero2025_SG,2025-02-19,532,34,56.288163,3.901429,0.06390977443609022,1.655534,SEARCH
CA_AutoTradicional_Search_Leads_Enero2025_HC,2025-02-19,414,23,54.957694,5,0.05555555555555555,2.389464,SEARCH
CA_MotoKM_Search_Leads_Enero2025_HC,2025-02-19,96,6,14.39,0,0.0625,2.398333,SEARCH
CA_MotoKM_Display_Remarketing_Febrero2025,2025-02-19,8270,136,7.031,2.882309,0.016444981862152357,0.051698,DISPLAY
CA_AutoKM_Display_Remarketing_Febrero2025_SG,2025-02-19,25160,208,14.704622,0,0.008267090620031796,0.070695,DISPLAY
CA_AutoTradicional_Display_Remarketing_Febrero2025_SG,2025-02-19,5307,317,14.242695,0,0.059732428867533445,0.044929,DISPLAY
CA_AutoKM AO_Search_Leads_Enero2025_SG,2025-02-20,409,33,57.864757,5,0.08068459657701711,1.753477,SEARCH
CA_AutoTradicional_Search_Leads_Enero2025_HC,2025-02-20,376,25,59.074286,5,0.06648936170212766,2.362971,SEARCH
CA_MotoKM_Search_Leads_Enero2025_HC,2025-02-20,220,7,10.414846,3.117691,0.031818181818181815,1.487835,SEARCH
CA_MotoKM_Display_Remarketing_Febrero2025,2025-02-20,11770,110,7.173777,0,0.009345794392523364,0.065216,DISPLAY
CA_AutoKM_Display_Remarketing_Febrero2025_SG,2025-02-20,30174,187,14.473596,2,0.006197388480148472,0.077398,DISPLAY
CA_AutoTradicional_Display_Remarketing_Febrero2025_SG,2025-02-20,4177,271,14.671873,0,0.0648790998324156,0.054139,DISPLAY
CA_AutoKM AO_Search_Leads_Enero2025_SG,2025-02-21,324,14,27.8161,0,0.043209876543209874,1.986864,SEARCH
CA_AutoTradicional_Search_Leads_Enero2025_HC,2025-02-21,200,11,32.077345,3.5,0.055,2.916122,SEARCH
CA_MotoKM_Search_Leads_Enero2025_HC,2025-02-21,108,9,11.751597,3,0.08333333333333333,1.305733,SEARCH
CA_MotoKM_Display_Remarketing_Febrero2025,2025-02-21,21187,129,7.835569,0,0.006088639259923538,0.06074,DISPLAY
CA_AutoKM_Display_Remarketing_Febrero2025_SG,2025-02-21,41383,259,14.90032,2,0.006258608607399173,0.05753,DISPLAY
CA_AutoTradicional_Display_Remarketing_Febrero2025_SG,2025-02-21,6607,307,14.534823,0,0.04646586953231421,0.047344,DISPLAY
CA_AutoKM AO_Search_Leads_Enero2025_SG,2025-02-22,330,16,22.106028,2.107281,0.048484848484848485,1.381626,SEARCH
CA_AutoTradicional_Search_Leads_Enero2025_HC,2025-02-22,342,25,28.033202,2,0.07309941520467836,1.121328,SEARCH
CA_MotoKM_Search_Leads_Enero2025_HC,2025-02-22,115,5,1.942597,0,0.043478260869565216,0.388519,SEARCH
CA_MotoKM_Display_Remarketing_Febrero2025,2025-02-22,8699,155,6.5497,0,0.017818140016093803,0.042256,DISPLAY
CA_AutoKM_Display_Remarketing_Febrero2025_SG,2025-02-22,32066,274,15.049586,0,0.008544876192852243,0.054925,DISPLAY
CA_AutoTradicional_Display_Remarketing_Febrero2025_SG,2025-02-22,6121,303,13.743534,0,0.04950171540597942,0.045358,DISPLAY
CA_AutoKM AO_Search_Leads_Enero2025_SG,2025-02-23,392,20,30.135571,1,0.05102040816326531,1.506778,SEARCH
CA_AutoTradicional_Search_Leads_Enero2025_HC,2025-02-23,255,22,45.808906,1,0.08627450980392157,2.082223,SEARCH
CA_MotoKM_Search_Leads_Enero2025_HC,2025-02-23,135,10,6.51,0,0.07407407407407407,0.651,SEARCH
CA_MotoKM_Display_Remarketing_Febrero2025,2025-02-23,8327,245,6.628482,0,0.02942236099435571,0.027055,DISPLAY
CA_AutoKM_Display_Remarketing_Febrero2025_SG,2025-02-23,33482,342,15.32789,0,0.010214443581625949,0.044818,DISPLAY
CA_AutoTradicional_Display_Remarketing_Febrero2025_SG,2025-02-23,9432,312,14.479378,0,0.03307888040712468,0.046408,DISPLAY
CA_AutoKM AO_Search_Leads_Enero2025_SG,2025-02-24,699,51,66.862095,5,0.07296137339055794,1.311021,SEARCH
CA_AutoTradicional_Search_Leads_Enero2025_HC,2025-02-24,577,63,56.712273,1,0.10918544194107452,0.900194,SEARCH
CA_MotoKM_Search_Leads_Enero2025_HC,2025-02-24,220,17,26.818071,0,0.07727272727272727,1.577533,SEARCH
CA_MotoKM_Display_Remarketing_Febrero2025,2025-02-24,17814,264,6.987996,0,0.01481980464802964,0.026469,DISPLAY
CA_AutoKM_Display_Remarketing_Febrero2025_SG,2025-02-24,43237,293,14.936497,2,0.006776603372111848,0.050977,DISPLAY
CA_AutoTradicional_Display_Remarketing_Febrero2025_SG,2025-02-24,11007,335,13.287304,0,0.03043517761424548,0.039663,DISPLAY
CA_AutoKM AO_Search_Leads_Enero2025_SG,2025-02-25,522,55,60.998512,4,0.1053639846743295,1.109063,SEARCH
CA_AutoTradicional_Search_Leads_Enero2025_HC,2025-02-25,506,81,46.307619,5,0.1600790513833992,0.571699,SEARCH
CA_MotoKM_Search_Leads_Enero2025_HC,2025-02-25,145,14,14.628896,0,0.09655172413793103,1.044921,SEARCH
CA_MotoKM_Display_Remarketing_Febrero2025,2025-02-25,11923,226,6.742682,0,0.018954960999748385,0.029834,DISPLAY
CA_AutoKM_Display_Remarketing_Febrero2025_SG,2025-02-25,54777,223,13.930329,6,0.004071051718787082,0.062467,DISPLAY
CA_AutoTradicional_Display_Remarketing_Febrero2025_SG,2025-02-25,9238,306,13.755474,0,0.03312405282528686,0.044952,DISPLAY
CA_AutoKM AO_Search_Leads_Enero2025_SG,2025-02-26,505,40,53.575677,8,0.07920792079207921,1.339391,SEARCH
CA_AutoTradicional_Search_Leads_Enero2025_HC,2025-02-26,463,23,43.599121,2,0.04967602591792657,1.895613,SEARCH
CA_MotoKM_Search_Leads_Enero2025_HC,2025-02-26,129,19,15.827113,3,0.14728682170542637,0.833005,SEARCH
CA_MotoKM_Display_Remarketing_Febrero2025,2025-02-26,10156,150,6.682215,0,0.014769594328475778,0.044548,DISPLAY
CA_AutoKM_Display_Remarketing_Febrero2025_SG,2025-02-26,63405,140,15.432315,0,0.002208027758063244,0.11023,DISPLAY
CA_AutoTradicional_Display_Remarketing_Febrero2025_SG,2025-02-26,13150,253,13.06963,0,0.019239543726235743,0.051658,DISPLAY
CA_AutoKM AO_Search_Leads_Enero2025_SG,2025-02-27,259,31,50.501309,8.666667,0.11969111969111969,1.629074,SEARCH
CA_AutoTradicional_Search_Leads_Enero2025_HC,2025-02-27,438,26,30.41233,4.327775,0.0593607305936073,1.169705,SEARCH
CA_MotoKM_Search_Leads_Enero2025_HC,2025-02-27,101,14,13.343593,3,0.13861386138613863,0.953113,SEARCH
CA_MotoKM_Display_Remarketing_Febrero2025,2025-02-27,24684,101,7.192373,0,0.004091719332361044,0.071211,DISPLAY
CA_AutoKM_Display_Remarketing_Febrero2025_SG,2025-02-27,72401,94,13.827998,1,0.001298324608776122,0.147106,DISPLAY
CA_AutoTradicional_Display_Remarketing_Febrero2025_SG,2025-02-27,24975,225,13.091098,0,0.009009009009009009,0.058182,DISPLAY
CA_AutoKM AO_Search_Leads_Enero2025_SG,2025-02-28,358,27,29.809179,7.086331,0.07541899441340782,1.104043,SEARCH
CA_AutoTradicional_Search_Leads_Enero2025_HC,2025-02-28,328,16,13.43375,4,0.04878048780487805,0.839609,SEARCH
CA_MotoKM_Search_Leads_Enero2025_HC,2025-02-28,58,7,5.831096,1,0.1206896551724138,0.833013,SEARCH
CA_MotoKM_Display_Remarketing_Febrero2025,2025-02-28,24296,102,5.620444,0,0.004198221929535726,0.055102,DISPLAY
CA_AutoKM_Display_Remarketing_Febrero2025_SG,2025-02-28,74622,242,13.727229,3,0.0032430114443461715,0.056724,DISPLAY
CA_AutoTradicional_Display_Remarketing_Febrero2025_SG,2025-02-28,13132,261,12.384567,0,0.019875114224794394,0.04745,DISPLAY
CA_AutoKM AO_Search_Leads_Enero2025_SG,2025-03-01,338,34,45.299737,7.913669,0.10059171597633136,1.332345,SEARCH
CA_AutoTradicional_Search_Leads_Enero2025_HC,2025-03-01,436,46,25.464311,5.737634,0.10550458715596331,0.553571,SEARCH
CA_AutoKM_Display_Remarketing_Febrero2025_SG,2025-03-01,37164,131,10.050306,0,0.003524916585943386,0.076719,DISPLAY
CA_AutoTradicional_Display_Remarketing_Febrero2025_SG,2025-03-01,18828,175,9.287922,0,0.00929466751646484,0.053073,DISPLAY
CA_AutoKM AO_Search_Leads_Enero2025_SG,2025-03-02,195,18,25.021673,2,0.09230769230769231,1.390092,SEARCH
CA_AutoTradicional_Search_Leads_Enero2025_HC,2025-03-02,474,31,49.651051,4,0.06540084388185655,1.601646,SEARCH
CA_AutoKM_Display_Remarketing_Febrero2025_SG,2025-03-02,55158,128,9.698611,2,0.0023206062583850033,0.07577,DISPLAY
CA_AutoTradicional_Display_Remarketing_Febrero2025_SG,2025-03-02,15445,205,9.89126,0,0.013272903852379411,0.04825,DISPLAY
CA_AutoKM AO_Search_Leads_Enero2025_SG,2025-03-03,592,51,74.766442,13,0.08614864864864864,1.466008,SEARCH
CA_AutoTradicional_Search_Leads_Enero2025_HC,2025-03-03,452,34,71.278067,5,0.0752212389380531,2.096413,SEARCH
CA_AutoKM_Display_Remarketing_Febrero2025_SG,2025-03-03,76982,112,9.234523,2,0.0014548855576628304,0.082451,DISPLAY
CA_AutoTradicional_Display_Remarketing_Febrero2025_SG,2025-03-03,27242,147,9.964515,0,0.005396079582996843,0.067785,DISPLAY
CA_AutoKM AO_Search_Leads_Enero2025_SG,2025-03-04,374,38,54.0582,7,0.10160427807486631,1.422584,SEARCH
CA_AutoTradicional_Search_Leads_Enero2025_HC,2025-03-04,347,34,58.49987,2,0.09798270893371758,1.720584,SEARCH
CA_AutoKM_Display_Remarketing_Febrero2025_SG,2025-03-04,84016,96,10.57688,3,0.0011426394972386211,0.110175,DISPLAY
CA_AutoTradicional_Display_Remarketing_Febrero2025_SG,2025-03-04,40374,124,10.315649,0,0.003071283499281716,0.08319,DISPLAY
CA_AutoKM AO_Search_Leads_Enero2025_SG,2025-03-05,439,37,54.307477,10.667803,0.08428246013667426,1.467769,SEARCH
CA_AutoTradicional_Search_Leads_Enero2025_HC,2025-03-05,300,30,63.701665,4,0.1,2.123388,SEARCH
CA_AutoKM_Display_Remarketing_Febrero2025_SG,2025-03-05,64837,119,9.202992,0,0.00183537177845983,0.077336,DISPLAY
CA_AutoTradicional_Display_Remarketing_Febrero2025_SG,2025-03-05,29999,119,9.285364,0,0.0039667988932964434,0.078028,DISPLAY
CA_AutoKM AO_Search_Leads_Enero2025_SG,2025-03-06,476,28,57.967741,3,0.058823529411764705,2.070276,SEARCH
CA_AutoTradicional_Search_Leads_Enero2025_HC,2025-03-06,503,35,58.928544,10,0.06958250497017893,1.683672,SEARCH
CA_AutoKM_Display_Remarketing_Febrero2025_SG,2025-03-06,58778,130,11.25731,0,0.002211711864983497,0.086594,DISPLAY
CA_AutoTradicional_Display_Remarketing_Febrero2025_SG,2025-03-06,37595,161,9.81783,0,0.004282484372921931,0.06098,DISPLAY
CA_AutoKM AO_Search_Leads_Enero2025_SG,2025-03-07,374,38,43.862015,1,0.10160427807486631,1.154263,SEARCH
CA_AutoTradicional_Search_Leads_Enero2025_HC,2025-03-07,403,35,33.655544,2,0.08684863523573201,0.961586,SEARCH
CA_AutoKM_Display_Remarketing_Febrero2025_SG,2025-03-07,44706,164,9.431584,1,0.0036684113989173713,0.057509,DISPLAY
CA_AutoTradicional_Display_Remarketing_Febrero2025_SG,2025-03-07,25687,119,10.772484,0,0.004632693580410324,0.090525,DISPLAY
CA_AutoKM AO_Search_Leads_Enero2025_SG,2025-03-08,347,21,24.687623,3,0.06051873198847262,1.175601,SEARCH
CA_AutoTradicional_Search_Leads_Enero2025_HC,2025-03-08,193,30,7.114771,1,0.15544041450777202,0.237159,SEARCH
CA_AutoKM_Display_Remarketing_Febrero2025_SG,2025-03-08,33955,136,9.298627,4,0.00400530113385363,0.068372,DISPLAY
CA_AutoTradicional_Display_Remarketing_Febrero2025_SG,2025-03-08,16738,201,9.792665,0,0.012008603178396464,0.048719,DISPLAY
CA_AutoKM AO_Search_Leads_Enero2025_SG,2025-03-09,360,19,32.345901,3,0.05277777777777778,1.702415,SEARCH
CA_AutoTradicional_Search_Leads_Enero2025_HC,2025-03-09,168,9,7.77,0,0.05357142857142857,0.863333,SEARCH
CA_AutoKM_Display_Remarketing_Febrero2025_SG,2025-03-09,43219,132,8.949205,0,0.003054212267752609,0.067797,DISPLAY
CA_AutoTradicional_Display_Remarketing_Febrero2025_SG,2025-03-09,9867,147,9.977674,0,0.014898145332927942,0.067875,DISPLAY
CA_AutoKM AO_Search_Leads_Enero2025_SG,2025-03-10,547,35,79.214107,13.995449,0.06398537477148081,2.26326,SEARCH
CA_AutoTradicional_Search_Leads_Enero2025_HC,2025-03-10,836,89,81.039099,12.727707,0.10645933014354067,0.910551,SEARCH
CA_AutoKM_Display_Remarketing_Febrero2025_SG,2025-03-10,28232,79,11.096297,0,0.002798243128364976,0.140459,DISPLAY
CA_AutoTradicional_Display_Remarketing_Febrero2025_SG,2025-03-10,31267,73,9.650725,0,0.00233472990693063,0.132201,DISPLAY
CA_AutoKM AO_Search_Leads_Enero2025_SG,2025-03-11,525,28,58.16,4,0.05333333333333334,2.077142,SEARCH
CA_AutoTradicional_Search_Leads_Enero2025_HC,2025-03-11,557,58,76.261698,5,0.10412926391382406,1.314856,SEARCH
CA_AutoKM_Display_Remarketing_Febrero2025_SG,2025-03-11,45270,99,8.420405,1,0.002186878727634195,0.085054,DISPLAY
CA_AutoTradicional_Display_Remarketing_Febrero2025_SG,2025-03-11,26410,138,9.449661,0,0.005225293449450966,0.068475,DISPLAY
CA_AutoKM AO_Search_Leads_Enero2025_SG,2025-03-12,615,33,68.116471,3.998173,0.05365853658536585,2.064135,SEARCH
CA_AutoTradicional_Search_Leads_Enero2025_HC,2025-03-12,478,57,90.933884,7,0.1192468619246862,1.595331,SEARCH
CA_AutoKM_Display_Remarketing_Febrero2025_SG,2025-03-12,61206,160,10.231822,1,0.002614122798418456,0.063948,DISPLAY
CA_AutoTradicional_Display_Remarketing_Febrero2025_SG,2025-03-12,15938,206,9.817484,0,0.012925084703224997,0.047657,DISPLAY
CA_AutoKM AO_Search_Leads_Enero2025_SG,2025-03-13,400,27,63.437035,2,0.0675,2.349519,SEARCH
CA_AutoTradicional_Search_Leads_Enero2025_HC,2025-03-13,363,32,57.727451,3,0.0881542699724518,1.803982,SEARCH
CA_AutoKM_Display_Remarketing_Febrero2025_SG,2025-03-13,57687,106,10.113022,0,0.0018375023835526202,0.095405,DISPLAY
CA_AutoTradicional_Display_Remarketing_Febrero2025_SG,2025-03-13,21363,197,10.07665,0,0.0092215512802509,0.05115,DISPLAY
CA_AutoKM AO_Search_Leads_Enero2025_SG,2025-03-14,289,14,23.540997,2,0.04844290657439446,1.681499,SEARCH
CA_AutoTradicional_Search_Leads_Enero2025_HC,2025-03-14,332,34,45.678242,4.5,0.10240963855421686,1.343477,SEARCH
CA_AutoKM_Display_Remarketing_Febrero2025_SG,2025-03-14,20634,31,4.43554,2,0.001502374721333721,0.143081,DISPLAY
CA_AutoTradicional_Display_Remarketing_Febrero2025_SG,2025-03-14,14326,91,5.633738,0,0.006352087114337568,0.061909,DISPLAY
CA_AutoTradicional_Search_Leads_Enero2025_HC,2025-03-15,1,1,0.15,0,1,0.15,SEARCH
CA_AutoKM_Display_Remarketing_Febrero2025_SG,2025-03-15,319,1,0.062975,0,0.003134796238244514,0.062975,DISPLAY
CA_AutoTradicional_Display_Remarketing_Febrero2025_SG,2025-03-15,283,11,0.678381,0,0.038869257950530034,0.061671,DISPLAY
CA_AutoTradicional_Search_Leads_Enero2025_HC,2025-03-16,1,0,0.0,0,0,0.0,SEARCH
CA_AutoKM_Display_Remarketing_Febrero2025_SG,2025-03-16,435,8,0.230983,0,0.01839080459770115,0.028872,DISPLAY
CA_AutoTradicional_Display_Remarketing_Febrero2025_SG,2025-03-16,106,11,0.342234,0,0.10377358490566038,0.031112,DISPLAY
CA_AutoKM AO_Search_Leads_Enero2025_SG,2025-03-17,1748,346,133.95961,81.282075,0.19794050343249428,0.387166,SEARCH
CA_AutoTradicional_Search_Leads_Enero2025_HC,2025-03-17,3251,494,143.904655,146.035657,0.1519532451553368,0.291304,SEARCH
CA_AutoKM_Display_Remarketing_Febrero2025_SG,2025-03-17,38840,320,22.108604,1,0.008238928939237899,0.069089,DISPLAY
CA_AutoTradicional_Display_Remarketing_Febrero2025_SG,2025-03-17,8031,323,19.463093,0,0.04021915079068609,0.060257,DISPLAY
CA_AutoKM AO_Search_Leads_Enero2025_SG,2025-03-18,3207,626,140.220467,148.881557,0.19519800436545057,0.223994,SEARCH
CA_AutoTradicional_Search_Leads_Enero2025_HC,2025-03-18,5227,779,139.981947,209.768822,0.14903386263631146,0.179694,SEARCH
CA_AutoKM_Display_Remarketing_Febrero2025_SG,2025-03-18,49426,98,18.507507,4.131354,0.0019827621090114517,0.188852,DISPLAY
CA_AutoTradicional_Display_Remarketing_Febrero2025_SG,2025-03-18,53633,205,19.178828,1,0.003822273600208827,0.093555,DISPLAY
CA_AutoKM AO_Search_Leads_Enero2025_SG,2025-03-21,257,19,18.37,4,0.07392996108949416,0.966842,SEARCH
CA_AutoTradicional_Search_Leads_Enero2025_HC,2025-03-21,284,30,34.52,3,0.1056338028169014,1.150666,SEARCH
CA_AutoKM AO_Search_Leads_Enero2025_SG,2025-03-22,202,19,22.92428,2,0.09405940594059406,1.206541,SEARCH
CA_AutoTradicional_Search_Leads_Enero2025_HC,2025-03-22,282,18,28.595006,3,0.06382978723404255,1.588611,SEARCH
CA_AutoKM AO_Search_Leads_Enero2025_SG,2025-03-23,447,40,36.98,13,0.0894854586129754,0.9245,SEARCH
CA_AutoTradicional_Search_Leads_Enero2025_HC,2025-03-23,179,16,27.825856,3,0.0893854748603352,1.739116,SEARCH
CA_AutoKM AO_Search_Leads_Enero2025_SG,2025-03-24,302,31,46.870178,12.614013,0.10264900662251655,1.511941,SEARCH
CA_AutoTradicional_Search_Leads_Enero2025_HC,2025-03-24,378,28,38.04,3.353908,0.07407407407407407,1.358571,SEARCH
CA_AutoKM AO_Search_Leads_Enero2025_SG,2025-03-25,316,30,30.579755,9,0.0949367088607595,1.019325,SEARCH
CA_AutoTradicional_Search_Leads_Enero2025_HC,2025-03-25,250,22,35.01,7,0.088,1.591363,SEARCH
CA_AutoKM AO_Search_Leads_Enero2025_SG,2025-03-26,269,19,20.802025,8.190892,0.07063197026022305,1.094843,SEARCH
CA_AutoTradicional_Search_Leads_Enero2025_HC,2025-03-26,455,16,14.5,0.710188,0.035164835164835165,0.90625,SEARCH
CA_AutoKM AO_Search_Leads_Enero2025_SG,2025-03-27,264,18,16.531592,7.117628,0.06818181818181818,0.918421,SEARCH
CA_AutoTradicional_Search_Leads_Enero2025_HC,2025-03-27,521,30,46.806,5.430664,0.05758157389635317,1.5602,SEARCH
CA_AutoKM AO_Search_Leads_Enero2025_SG,2025-03-28,593,33,51.33,3,0.05564924114671164,1.555454,SEARCH
CA_AutoTradicional_Search_Leads_Enero2025_HC,2025-03-28,405,35,41.36,8.714257,0.08641975308641975,1.181714,SEARCH
CA_AutoKM AO_Search_Leads_Enero2025_SG,2025-03-29,833,57,106.012241,6,0.06842737094837935,1.859863,SEARCH
CA_AutoTradicional_Search_Leads_Enero2025_HC,2025-03-29,108,6,5.81,0,0.05555555555555555,0.968333,SEARCH
CA_AutoKM AO_Search_Leads_Enero2025_SG,2025-03-30,715,53,104.51413,7.724637,0.07412587412587412,1.971964,SEARCH
CA_AutoTradicional_Search_Leads_Enero2025_HC,2025-03-30,386,23,33.051735,5.996781,0.05958549222797927,1.437031,SEARCH
CA_AutoKM AO_Search_Leads_Enero2025_SG,2025-03-31,536,33,60.714905,2,0.061567164179104475,1.839845,SEARCH
CA_AutoTradicional_Search_Leads_Enero2025_HC,2025-03-31,645,67,119.98,6.5,0.10387596899224806,1.790746,SEARCH
CA_AutoKM AO_Search_Leads_Enero2025_SG,2025-04-01,512,46,57.54,6.999946,0.08984375,1.250869,SEARCH
CA_AutoTradicional_Search_Leads_Enero2025_HC,2025-04-01,535,49,55.8,4,0.09158878504672897,1.138775,SEARCH
CA_AutoKM AO_Search_Leads_Enero2025_SG,2025-04-02,367,25,56.20475,3,0.0681198910081744,2.24819,SEARCH
CA_AutoTradicional_Search_Leads_Enero2025_HC,2025-04-02,374,44,54.86,1,0.11764705882352941,1.246818,SEARCH
CA_AutoKM AO_Search_Leads_Enero2025_SG,2025-04-03,235,19,48.054066,2,0.08085106382978724,2.529161,SEARCH
CA_AutoTradicional_Search_Leads_Enero2025_HC,2025-04-03,535,38,56.37,5,0.07102803738317758,1.483421,SEARCH
CA_AutoKM AO_Search_Leads_Enero2025_SG,2025-04-04,659,42,46.019958,4.821771,0.0637329286798179,1.095713,SEARCH
CA_AutoTradicional_Search_Leads_Enero2025_HC,2025-04-04,376,22,36.24,1,0.05851063829787234,1.647272,SEARCH
CA_AutoKM AO_Search_Leads_Enero2025_SG,2025-04-05,399,23,29.402239,3,0.05764411027568922,1.278358,SEARCH
CA_AutoTradicional_Search_Leads_Enero2025_HC,2025-04-05,169,13,27.34,6.654002,0.07692307692307693,2.103076,SEARCH
CA_AutoKM AO_Search_Leads_Enero2025_SG,2025-04-06,339,19,25.024605,3.14114,0.05604719764011799,1.317084,SEARCH
CA_AutoTradicional_Search_Leads_Enero2025_HC,2025-04-06,194,11,16.98,2,0.05670103092783505,1.543636,SEARCH
CA_AutoKM AO_Search_Leads_Enero2025_SG,2025-04-07,552,40,87.27,8.999725,0.07246376811594203,2.18175,SEARCH
CA_AutoTradicional_Search_Leads_Enero2025_HC,2025-04-07,568,27,43.447887,3,0.04753521126760563,1.609181,SEARCH
CA_AutoTradicional_PMax_Leads_Abril2025_SG,2025-04-07,64642,1255,79.996651,1,0.019414622072336872,0.063742,PERFORMANCE_MAX
CA_AutoKM AO_Search_Leads_Enero2025_SG,2025-04-08,627,36,42.064175,4.908447,0.05741626794258373,1.168449,SEARCH
CA_AutoTradicional_Search_Leads_Enero2025_HC,2025-04-08,571,45,80.004069,2.168753,0.07880910683012259,1.777868,SEARCH
CA_AutoKM_PMax_Leads_Abril2025_SG,2025-04-08,117809,5571,118.707624,13.908447,0.047288407507066525,0.021308,PERFORMANCE_MAX
CA_AutoTradicional_PMax_Leads_Abril2025_SG,2025-04-08,138338,4652,159.47178,0,0.03362778123147653,0.03428,PERFORMANCE_MAX
CA_AutoKM AO_Search_Leads_Enero2025_SG,2025-04-09,272,25,40.848087,1,0.09191176470588236,1.633923,SEARCH
CA_AutoTradicional_Search_Leads_Enero2025_HC,2025-04-09,194,24,59.638241,3,0.12371134020618557,2.484926,SEARCH
CA_AutoKM_PMax_Leads_Abril2025_SG,2025-04-09,68114,2748,132.780964,12,0.040344128960272486,0.048319,PERFORMANCE_MAX
CA_AutoTradicional_PMax_Leads_Abril2025_SG,2025-04-09,178107,7702,121.514737,1,0.04324366813207791,0.015777,PERFORMANCE_MAX
CA_AutoKM AO_Search_Leads_Enero2025_SG,2025-04-10,317,33,42.104442,7.666667,0.10410094637223975,1.275892,SEARCH
CA_AutoTradicional_Search_Leads_Enero2025_HC,2025-04-10,165,17,49.38,4,0.10303030303030303,2.904705,SEARCH
CA_AutoKM_PMax_Leads_Abril2025_SG,2025-04-10,26590,456,115.993962,27.999421,0.017149304249717938,0.254372,PERFORMANCE_MAX
CA_AutoTradicional_PMax_Leads_Abril2025_SG,2025-04-10,12,1,0.27,0,0.08333333333333333,0.27,PERFORMANCE_MAX
CA_AutoKM AO_Search_Leads_Enero2025_SG,2025-04-11,324,15,25.710913,0.764106,0.046296296296296294,1.71406,SEARCH
CA_AutoTradicional_Search_Leads_Enero2025_HC,2025-04-11,213,27,33.14,2,0.1267605633802817,1.227407,SEARCH
CA_AutoKM_PMax_Leads_Abril2025_SG,2025-04-11,30279,458,94.794939,9,0.015125994913966776,0.206975,PERFORMANCE_MAX
CA_AutoTradicional_PMax_Leads_Abril2025_SG,2025-04-11,2544,49,29.884032,2,0.019261006289308175,0.609878,PERFORMANCE_MAX
CA_AutoKM AO_Search_Leads_Enero2025_SG,2025-04-12,86,5,1.8,3,0.05813953488372093,0.36,SEARCH
CA_AutoTradicional_Search_Leads_Enero2025_HC,2025-04-12,153,5,3.02,0,0.032679738562091505,0.604,SEARCH
CA_AutoKM_PMax_Leads_Abril2025_SG,2025-04-12,27347,349,92.63494,8,0.012761911727063298,0.265429,PERFORMANCE_MAX
CA_AutoTradicional_PMax_Leads_Abril2025_SG,2025-04-12,13904,232,169.218457,13,0.01668584579976985,0.729389,PERFORMANCE_MAX
CA_AutoKM AO_Search_Leads_Enero2025_SG,2025-04-13,117,13,17.44,0,0.1111111111111111,1.341538,SEARCH
CA_AutoTradicional_Search_Leads_Enero2025_HC,2025-04-13,285,16,19.473806,1,0.056140350877192984,1.217112,SEARCH
CA_AutoKM_PMax_Leads_Abril2025_SG,2025-04-13,29863,480,150.646206,11.993559,0.01607340186853297,0.313846,PERFORMANCE_MAX
CA_AutoTradicional_PMax_Leads_Abril2025_SG,2025-04-13,63576,2527,430.610264,15,0.03974770353592551,0.170403,PERFORMANCE_MAX
CA_AutoKM AO_Search_Leads_Enero2025_SG,2025-04-14,725,59,81.573412,2,0.08137931034482758,1.3826,SEARCH
CA_AutoTradicional_Search_Leads_Enero2025_HC,2025-04-14,310,21,81.925697,9,0.06774193548387097,3.901223,SEARCH
CA_AutoKM_PMax_Leads_Abril2025_SG,2025-04-14,35379,515,147.28099,5,0.01455665790440657,0.285982,PERFORMANCE_MAX
CA_AutoTradicional_PMax_Leads_Abril2025_SG,2025-04-14,936,59,90.287959,2,0.06303418803418803,1.530304,PERFORMANCE_MAX
CA_AutoKM AO_Search_Leads_Enero2025_SG,2025-04-15,657,61,66.214315,2,0.0928462709284627,1.08548,SEARCH
CA_AutoTradicional_Search_Leads_Enero2025_HC,2025-04-15,538,27,55.594009,2.717151,0.05018587360594796,2.059037,SEARCH
CA_AutoKM_PMax_Leads_Abril2025_SG,2025-04-15,33106,361,116.114612,7,0.010904367788316317,0.321647,PERFORMANCE_MAX
CA_AutoTradicional_PMax_Leads_Abril2025_SG,2025-04-15,6415,96,169.625806,9,0.014964925954793453,1.766935,PERFORMANCE_MAX
CA_AutoKM AO_Search_Leads_Enero2025_SG,2025-04-16,410,51,64.287931,6,0.12439024390243902,1.260547,SEARCH
CA_AutoTradicional_Search_Leads_Enero2025_HC,2025-04-16,500,26,31.44,4,0.052,1.20923,SEARCH
CA_AutoKM_PMax_Leads_Abril2025_SG,2025-04-16,22397,282,88.407854,3,0.012590972005179266,0.313503,PERFORMANCE_MAX
CA_AutoTradicional_PMax_Leads_Abril2025_SG,2025-04-16,2010,110,127.008374,5.434302,0.05472636815920398,1.154621,PERFORMANCE_MAX
CA_AutoKM AO_Search_Leads_Enero2025_SG,2025-04-17,267,55,38.59,3,0.20599250936329588,0.701636,SEARCH
CA_AutoTradicional_Search_Leads_Enero2025_HC,2025-04-17,332,27,26.2,3.717151,0.08132530120481928,0.97037,SEARCH
CA_AutoKM_PMax_Leads_Abril2025_SG,2025-04-17,33939,534,106.869803,7,0.015734111199504994,0.20013,PERFORMANCE_MAX
CA_AutoTradicional_PMax_Leads_Abril2025_SG,2025-04-17,3131,131,97.540883,2,0.04183966783775152,0.744586,PERFORMANCE_MAX
CA_AutoKM AO_Search_Leads_Enero2025_SG,2025-04-21,477,33,33.952439,0,0.06918238993710692,1.028861,SEARCH
CA_AutoTradicional_Search_Leads_Enero2025_HC,2025-04-21,136,10,7.259837,0,0.07352941176470588,0.725983,SEARCH
CA_AutoKM_PMax_Leads_Abril2025_SG,2025-04-21,36177,829,77.971453,7,0.022915111811371867,0.094054,PERFORMANCE_MAX
CA_AutoKM AO_Search_Leads_Enero2025_SG,2025-04-22,307,60,34.757389,5.276931,0.19543973941368079,0.579289,SEARCH
CA_AutoTradicional_Search_Leads_Enero2025_HC,2025-04-22,588,70,114.279273,7,0.11904761904761904,1.632561,SEARCH
CA_AutoKM_PMax_Leads_Abril2025_SG,2025-04-22,12396,134,61.703266,7,0.010809938689899969,0.460472,PERFORMANCE_MAX
CA_AutoKM AO_Search_Leads_Enero2025_SG,2025-04-23,198,46,34.062622,8.087306,0.23232323232323232,0.740491,SEARCH
CA_AutoTradicional_Search_Leads_Enero2025_HC,2025-04-23,475,64,76.375258,3,0.13473684210526315,1.193363,SEARCH
CA_AutoKM_PMax_Leads_Abril2025_SG,2025-04-23,21907,208,66.493528,10.276931,0.00949468206509335,0.31968,PERFORMANCE_MAX
CA_AutoKM AO_Search_Leads_Enero2025_SG,2025-04-24,223,70,34.402109,2.252124,0.31390134529147984,0.491458,SEARCH
CA_AutoTradicional_Search_Leads_Enero2025_HC,2025-04-24,587,75,75.167275,3,0.12776831345826234,1.00223,SEARCH
CA_AutoKM_PMax_Leads_Abril2025_SG,2025-04-24,21657,134,37.148401,4,0.0061873759061735235,0.277226,PERFORMANCE_MAX
CA_AutoKM AO_Search_Leads_Enero2025_SG,2025-04-25,258,24,22.566,5,0.09302325581395349,0.94025,SEARCH
CA_AutoTradicional_Search_Leads_Enero2025_HC,2025-04-25,114,13,33.008746,4.166833,0.11403508771929824,2.539134,SEARCH
CA_AutoKM_PMax_Leads_Abril2025_SG,2025-04-25,37173,265,111.951357,4,0.007128830064832002,0.422457,PERFORMANCE_MAX
CA_AutoKM AO_Search_Leads_Enero2025_SG,2025-04-28,387,30,40.532801,5,0.07751937984496124,1.351093,SEARCH
CA_AutoTradicional_Search_Leads_Enero2025_HC,2025-04-28,118,18,63.995421,0,0.15254237288135594,3.555301,SEARCH
CA_AutoKM AO_Search_Leads_Enero2025_SG,2025-04-29,436,27,63.642842,9.809108,0.06192660550458716,2.357142,SEARCH
CA_AutoTradicional_Search_Leads_Enero2025_HC,2025-04-29,85,9,6.45,1,0.10588235294117647,0.716666,SEARCH
CA_AutoKM AO_Search_Leads_Enero2025_SG,2025-05-01,149,18,13.655537,0,0.12080536912751678,0.75864,SEARCH
CA_AutoTradicional_Search_Leads_Enero2025_HC,2025-05-01,101,10,16.46,0,0.09900990099009901,1.646,SEARCH
CA_AutoKM AO_Search_Leads_Enero2025_SG,2025-05-02,163,23,13.28,0,0.1411042944785276,0.577391,SEARCH
CA_AutoTradicional_Search_Leads_Enero2025_HC,2025-05-02,119,18,14.23,0.108468,0.15126050420168066,0.790555,SEARCH
CA_AutoKM AO_Search_Leads_Enero2025_SG,2025-05-03,115,18,12.63,0,0.1565217391304348,0.701666,SEARCH
CA_AutoTradicional_Search_Leads_Enero2025_HC,2025-05-03,96,9,17.674,1,0.09375,1.963777,SEARCH
CA_AutoKM AO_Search_Leads_Enero2025_SG,2025-05-04,143,35,17.642562,2,0.24475524475524477,0.504073,SEARCH
CA_AutoTradicional_Search_Leads_Enero2025_HC,2025-05-04,237,16,13.087992,0,0.06751054852320675,0.817999,SEARCH
CA_AutoKM AO_Search_Leads_Enero2025_SG,2025-05-05,757,69,64.648286,6,0.09114927344782034,0.936931,SEARCH
CA_AutoTradicional_Search_Leads_Enero2025_HC,2025-05-05,395,44,58.52438,5,0.11139240506329114,1.330099,SEARCH
CA_AutoKM_PMax_Leads_Abril2025_SG,2025-05-05,1127,12,18.243413,0,0.01064773735581189,1.520284,PERFORMANCE_MAX
CA_AutoKM AO_Search_Leads_Enero2025_SG,2025-05-06,742,48,59.56,1.709577,0.0646900269541779,1.240833,SEARCH
CA_AutoTradicional_Search_Leads_Enero2025_HC,2025-05-06,408,34,63.725218,2,0.08333333333333333,1.874271,SEARCH
CA_AutoKM_PMax_Leads_Abril2025_SG,2025-05-06,7871,110,18.214539,4,0.013975352560030492,0.165586,PERFORMANCE_MAX
CA_AutoKM AO_Search_Leads_Enero2025_SG,2025-05-07,395,52,48.325494,12.416667,0.13164556962025317,0.929336,SEARCH
CA_AutoTradicional_Search_Leads_Enero2025_HC,2025-05-07,626,84,57.401073,5.4,0.134185303514377,0.683346,SEARCH
CA_AutoKM_PMax_Leads_Abril2025_SG,2025-05-07,6481,61,15.893601,6,0.009412127758062027,0.26055,PERFORMANCE_MAX
CA_AutoKM AO_Search_Leads_Enero2025_SG,2025-05-08,528,33,22.151527,2,0.0625,0.671258,SEARCH
CA_AutoTradicional_Search_Leads_Enero2025_HC,2025-05-08,653,39,57.37066,3,0.05972434915773354,1.471042,SEARCH
CA_AutoKM_PMax_Leads_Abril2025_SG,2025-05-08,7371,72,13.327816,4,0.009768009768009768,0.185108,PERFORMANCE_MAX
CA_AutoKM AO_Search_Leads_Enero2025_SG,2025-05-09,369,20,16.36,6.723344,0.05420054200542006,0.818,SEARCH
CA_AutoTradicional_Search_Leads_Enero2025_HC,2025-05-09,538,42,51.016686,4,0.07806691449814127,1.214683,SEARCH
CA_AutoKM_PMax_Leads_Abril2025_SG,2025-05-09,5286,51,28.228863,3,0.009648127128263337,0.553507,PERFORMANCE_MAX
CA_AutoKM AO_Search_Leads_Enero2025_SG,2025-05-10,633,52,85.644458,4,0.08214849921011058,1.647008,SEARCH
CA_AutoTradicional_Search_Leads_Enero2025_HC,2025-05-10,351,25,25.32287,0,0.07122507122507123,1.012914,SEARCH
CA_AutoKM_PMax_Leads_Abril2025_SG,2025-05-10,5653,76,21.493894,0,0.013444188926233858,0.282814,PERFORMANCE_MAX
CA_AutoKM AO_Search_Leads_Enero2025_SG,2025-05-11,1009,93,107.934472,2.45499,0.09217046580773043,1.160585,SEARCH
CA_AutoTradicional_Search_Leads_Enero2025_HC,2025-05-11,400,26,40.066945,1,0.065,1.541036,SEARCH
CA_AutoKM_PMax_Leads_Abril2025_SG,2025-05-11,3767,42,12.425906,3,0.011149455800371648,0.295854,PERFORMANCE_MAX
CA_AutoKM AO_Search_Leads_Enero2025_SG,2025-05-12,524,56,50.416,9,0.10687022900763359,0.900285,SEARCH
CA_AutoTradicional_Search_Leads_Enero2025_HC,2025-05-12,1025,99,88.16626,6,0.09658536585365854,0.890568,SEARCH
CA_AutoKM_PMax_Leads_Abril2025_SG,2025-05-12,2229,24,13.559168,2,0.010767160161507403,0.564965,PERFORMANCE_MAX
CA_AutoKM AO_Search_Leads_Enero2025_SG,2025-05-13,432,38,80.909803,6.579121,0.08796296296296297,2.129205,SEARCH
CA_AutoTradicional_Search_Leads_Enero2025_HC,2025-05-13,561,85,79.985696,6,0.15151515151515152,0.941008,SEARCH
CA_AutoKM_PMax_Leads_Abril2025_SG,2025-05-13,4499,67,15.131898,4,0.014892198266281395,0.225849,PERFORMANCE_MAX
CA_AutoKM AO_Search_Leads_Enero2025_SG,2025-05-14,760,49,76.493941,11.744859,0.06447368421052632,1.5611,SEARCH
CA_AutoTradicional_Search_Leads_Enero2025_HC,2025-05-14,753,52,96.674129,10,0.06905710491367861,1.859117,SEARCH
CA_AutoKM_PMax_Leads_Abril2025_SG,2025-05-14,6127,62,15.033467,5,0.010119144769055002,0.242475,PERFORMANCE_MAX
CA_AutoKM AO_Search_Leads_Enero2025_SG,2025-05-15,775,74,103.471704,19.962304,0.09548387096774194,1.398266,SEARCH
CA_AutoTradicional_Search_Leads_Enero2025_HC,2025-05-15,688,38,58.085716,2,0.055232558139534885,1.528571,SEARCH
CA_AutoKM_PMax_Leads_Abril2025_SG,2025-05-15,6677,71,18.850684,1,0.010633518047027108,0.265502,PERFORMANCE_MAX
CA_AutoKM AO_Search_Leads_Enero2025_SG,2025-05-16,483,46,58.782121,1.775329,0.09523809523809523,1.277872,SEARCH
CA_AutoTradicional_Search_Leads_Enero2025_HC,2025-05-16,558,39,89.35164,3,0.06989247311827956,2.291067,SEARCH
CA_AutoKM_PMax_Leads_Abril2025_SG,2025-05-16,7296,80,16.034021,3,0.010964912280701754,0.200425,PERFORMANCE_MAX
CA_AutoKM AO_Search_Leads_Enero2025_SG,2025-05-17,600,59,54.862457,7,0.09833333333333333,0.929872,SEARCH
CA_AutoTradicional_Search_Leads_Enero2025_HC,2025-05-17,270,24,70.984965,1,0.08888888888888889,2.957706,SEARCH
CA_AutoKM_PMax_Leads_Abril2025_SG,2025-05-17,3835,40,14.477838,1,0.010430247718383311,0.361945,PERFORMANCE_MAX
CA_AutoKM AO_Search_Leads_Enero2025_SG,2025-05-18,508,52,33.34,5,0.10236220472440945,0.641153,SEARCH
CA_AutoTradicional_Search_Leads_Enero2025_HC,2025-05-18,394,25,78.81,3,0.06345177664974619,3.1524,SEARCH
CA_AutoKM_PMax_Leads_Abril2025_SG,2025-05-18,9109,93,22.743233,4,0.010209682731364585,0.24455,PERFORMANCE_MAX
CA_AutoKM AO_Search_Leads_Enero2025_SG,2025-05-19,1717,166,157.680343,11,0.09668025626092021,0.949881,SEARCH
CA_AutoTradicional_Search_Leads_Enero2025_HC,2025-05-19,620,21,22.841864,2,0.03387096774193549,1.087707,SEARCH
CA_AutoKM_PMax_Leads_Abril2025_SG,2025-05-19,4621,31,11.257452,2,0.0067085046526725815,0.363143,PERFORMANCE_MAX
CA_AutoKM AO_Search_Leads_Enero2025_SG,2025-05-20,878,102,97.207787,13,0.11617312072892938,0.953017,SEARCH
CA_AutoTradicional_Search_Leads_Enero2025_HC,2025-05-20,1137,63,149.45359,9,0.055408970976253295,2.372279,SEARCH
CA_AutoKM_PMax_Leads_Abril2025_SG,2025-05-20,5362,54,18.8253,3,0.010070869078701977,0.348616,PERFORMANCE_MAX
CA_AutoKM AO_Search_Leads_Enero2025_SG,2025-05-21,1247,113,93.085726,7.526053,0.09061748195669607,0.823767,SEARCH
CA_AutoTradicional_Search_Leads_Enero2025_HC,2025-05-21,966,48,109.508771,4,0.049689440993788817,2.281432,SEARCH
CA_AutoKM_PMax_Leads_Abril2025_SG,2025-05-21,10941,57,13.820922,0,0.005209761447765287,0.242472,PERFORMANCE_MAX
CA_AutoKM AO_Search_Leads_Enero2025_SG,2025-05-22,556,76,89.463392,8,0.1366906474820144,1.177149,SEARCH
CA_AutoTradicional_Search_Leads_Enero2025_HC,2025-05-22,509,28,89.728126,2,0.0550098231827112,3.204575,SEARCH
CA_AutoKM_PMax_Leads_Abril2025_SG,2025-05-22,8086,57,19.672023,1,0.007049220875587435,0.345123,PERFORMANCE_MAX
CA_AutoKM AO_Search_Leads_Enero2025_SG,2025-05-23,469,20,59.76,3,0.042643923240938165,2.988,SEARCH
CA_AutoTradicional_Search_Leads_Enero2025_HC,2025-05-23,375,38,73.339363,2.418643,0.10133333333333333,1.929983,SEARCH
CA_AutoKM_PMax_Leads_Abril2025_SG,2025-05-23,9727,65,15.096795,1,0.006682430348514444,0.232258,PERFORMANCE_MAX
CA_AutoKM AO_Search_Leads_Enero2025_SG,2025-05-24,254,21,23.78985,4.438736,0.08267716535433071,1.13285,SEARCH
CA_AutoTradicional_Search_Leads_Enero2025_HC,2025-05-24,307,21,54.28,5,0.06840390879478828,2.584761,SEARCH
CA_AutoKM_PMax_Leads_Abril2025_SG,2025-05-24,8619,49,14.825552,4,0.00568511428239935,0.302562,PERFORMANCE_MAX
CA_AutoKM AO_Search_Leads_Enero2025_SG,2025-05-25,282,13,21.71,3,0.04609929078014184,1.67,SEARCH
CA_AutoTradicional_Search_Leads_Enero2025_HC,2025-05-25,555,42,67.614429,2,0.07567567567567568,1.609867,SEARCH
CA_AutoKM_PMax_Leads_Abril2025_SG,2025-05-25,8262,83,23.593762,1,0.010045993706124426,0.284262,PERFORMANCE_MAX
CA_AutoKM AO_Search_Leads_Enero2025_SG,2025-05-26,541,36,68.739683,9,0.066543438077634,1.909435,SEARCH
CA_AutoTradicional_Search_Leads_Enero2025_HC,2025-05-26,498,41,59.074418,1.5,0.0823293172690763,1.440839,SEARCH
CA_AutoKM_PMax_Leads_Abril2025_SG,2025-05-26,6202,39,14.323759,0,0.006288294098677846,0.367275,PERFORMANCE_MAX
CA_AutoKM AO_Search_Leads_Enero2025_SG,2025-05-27,501,22,73.268708,6,0.043912175648702596,3.330395,SEARCH
CA_AutoTradicional_Search_Leads_Enero2025_HC,2025-05-27,769,36,57.80459,4,0.04681404421326398,1.605683,SEARCH
CA_AutoKM_PMax_Leads_Abril2025_SG,2025-05-27,4130,36,9.285203,1,0.008716707021791767,0.257922,PERFORMANCE_MAX
CA_AutoKM AO_Search_Leads_Enero2025_SG,2025-05-28,422,30,65.664732,2,0.07109004739336493,2.188824,SEARCH
CA_AutoTradicional_Search_Leads_Enero2025_HC,2025-05-28,554,59,62.05,1.5,0.10649819494584838,1.051694,SEARCH
CA_AutoKM_PMax_Leads_Abril2025_SG,2025-05-28,5661,52,19.438103,2,0.009185656244479774,0.373809,PERFORMANCE_MAX
CA_AutoKM AO_Search_Leads_Enero2025_SG,2025-05-29,474,20,31.38,1,0.04219409282700422,1.569,SEARCH
CA_AutoTradicional_Search_Leads_Enero2025_HC,2025-05-29,539,44,67.527811,4,0.08163265306122448,1.534722,SEARCH
CA_AutoKM_PMax_Leads_Abril2025_SG,2025-05-29,9112,63,17.41558,1,0.006913959613696225,0.276437,PERFORMANCE_MAX
CA_AutoKM AO_Search_Leads_Enero2025_SG,2025-05-30,387,18,49.022238,2.82926,0.046511627906976744,2.723457,SEARCH
CA_AutoTradicional_Search_Leads_Enero2025_HC,2025-05-30,469,25,43.193674,3,0.053304904051172705,1.727746,SEARCH
CA_AutoKM_PMax_Leads_Abril2025_SG,2025-05-30,7113,57,13.901832,1,0.008013496415014762,0.243891,PERFORMANCE_MAX
CA_AutoKM AO_Search_Leads_Enero2025_SG,2025-05-31,296,19,23.170108,6,0.06418918918918919,1.219479,SEARCH
CA_AutoTradicional_Search_Leads_Enero2025_HC,2025-05-31,534,46,53.558692,7,0.08614232209737828,1.164319,SEARCH
CA_AutoKM_PMax_Leads_Abril2025_SG,2025-05-31,5353,52,15.744251,10.65852,0.009714178965066317,0.302774,PERFORMANCE_MAX
CA_AutoKM AO_Search_Leads_Enero2025_SG,2025-06-01,577,42,57.594,5.826218,0.07279029462738301,1.371285,SEARCH
CA_AutoTradicional_Search_Leads_Enero2025_HC,2025-06-01,990,82,65.110968,2.5,0.08282828282828283,0.794036,SEARCH
CA_AutoKM_PMax_Leads_Abril2025_SG,2025-06-01,7798,71,18.313899,3,0.0091048986919723,0.257942,PERFORMANCE_MAX
CA_AutoKM AO_Search_Leads_Enero2025_SG,2025-06-02,541,40,93.478,7,0.07393715341959335,2.33695,SEARCH
CA_AutoTradicional_Search_Leads_Enero2025_HC,2025-06-02,700,49,73.338414,1,0.07,1.496702,SEARCH
CA_AutoKM_PMax_Leads_Abril2025_SG,2025-06-02,5687,42,18.135269,2,0.0073852646386495515,0.431792,PERFORMANCE_MAX
CA_AutoKM AO_Search_Leads_Enero2025_SG,2025-06-03,551,31,82.538079,2,0.056261343012704176,2.662518,SEARCH
CA_AutoTradicional_Search_Leads_Enero2025_HC,2025-06-03,602,42,67.028716,4.380521,0.06976744186046512,1.595921,SEARCH
CA_AutoKM_PMax_Leads_Abril2025_SG,2025-06-03,7990,70,18.369943,3,0.008760951188986232,0.262427,PERFORMANCE_MAX
CA_AutoKM AO_Search_Leads_Enero2025_SG,2025-06-04,588,54,87.173882,4.5,0.09183673469387756,1.614331,SEARCH
CA_AutoTradicional_Search_Leads_Enero2025_HC,2025-06-04,327,22,68.178622,3.5,0.0672782874617737,3.099028,SEARCH
CA_AutoKM_PMax_Leads_Abril2025_SG,2025-06-04,5112,49,13.238808,2,0.00958528951486698,0.270179,PERFORMANCE_MAX
CA_AutoKM AO_Search_Leads_Enero2025_SG,2025-06-05,703,44,72.02039,6,0.06258890469416785,1.636827,SEARCH
CA_AutoTradicional_Search_Leads_Enero2025_HC,2025-06-05,525,35,39.733057,4,0.06666666666666667,1.13523,SEARCH
CA_AutoKM_PMax_Leads_Abril2025_SG,2025-06-05,6369,49,12.843041,1,0.007693515465536191,0.262102,PERFORMANCE_MAX
CA_AutoKM AO_Search_Leads_Enero2025_SG,2025-06-06,426,25,37.333567,1,0.05868544600938967,1.493342,SEARCH
CA_AutoTradicional_Search_Leads_Enero2025_HC,2025-06-06,512,34,43.46,6,0.06640625,1.278235,SEARCH
CA_AutoKM_PMax_Leads_Abril2025_SG,2025-06-06,5465,63,13.361753,3,0.01152790484903934,0.212091,PERFORMANCE_MAX
CA_AutoKM AO_Search_Leads_Enero2025_SG,2025-06-07,369,16,44.598891,0,0.04336043360433604,2.78743,SEARCH
CA_AutoTradicional_Search_Leads_Enero2025_HC,2025-06-07,532,41,38.704855,0,0.07706766917293233,0.94402,SEARCH
CA_AutoKM_PMax_Leads_Abril2025_SG,2025-06-07,5007,43,15.435062,0,0.008587976832434592,0.358954,PERFORMANCE_MAX
CA_AutoKM AO_Search_Leads_Enero2025_SG,2025-06-08,319,24,27.75,10,0.07523510971786834,1.15625,SEARCH
CA_AutoTradicional_Search_Leads_Enero2025_HC,2025-06-08,528,40,17.93,3,0.07575757575757576,0.44825,SEARCH
CA_AutoKM_PMax_Leads_Abril2025_SG,2025-06-08,4375,57,17.428567,3,0.01302857142857143,0.305764,PERFORMANCE_MAX
CA_AutoKM AO_Search_Leads_Enero2025_SG,2025-06-09,813,39,63.393195,6.13767,0.04797047970479705,1.625466,SEARCH
CA_AutoTradicional_Search_Leads_Enero2025_HC,2025-06-09,530,46,75.31362,7,0.08679245283018867,1.637252,SEARCH
CA_AutoKM_PMax_Leads_Abril2025_SG,2025-06-09,11067,63,12.188673,1,0.0056925996204933585,0.193471,PERFORMANCE_MAX
CA_AutoKM AO_Search_Leads_Enero2025_SG,2025-06-10,686,34,82.724802,4,0.04956268221574344,2.433082,SEARCH
CA_AutoTradicional_Search_Leads_Enero2025_HC,2025-06-10,441,37,42.353322,6.875468,0.08390022675736962,1.144684,SEARCH
CA_AutoKM_PMax_Leads_Abril2025_SG,2025-06-10,6108,58,19.838244,7,0.009495743287491814,0.342038,PERFORMANCE_MAX
CA_AutoKM AO_Search_Leads_Enero2025_SG,2025-06-11,418,30,67.516463,4,0.07177033492822966,2.250548,SEARCH
CA_AutoTradicional_Search_Leads_Enero2025_HC,2025-06-11,380,87,38.94,1,0.22894736842105262,0.447586,SEARCH
CA_AutoKM_PMax_Leads_Abril2025_SG,2025-06-11,7155,76,15.25424,2,0.010621942697414396,0.200713,PERFORMANCE_MAX
CA_AutoKM AO_Search_Leads_Enero2025_SG,2025-06-12,296,17,56.265794,3,0.057432432432432436,3.309752,SEARCH
CA_AutoTradicional_Search_Leads_Enero2025_HC,2025-06-12,356,23,48.37,9.875468,0.06460674157303371,2.103043,SEARCH
CA_AutoKM_PMax_Leads_Abril2025_SG,2025-06-12,5147,52,18.722382,3,0.010102972605401205,0.360045,PERFORMANCE_MAX
CA_AutoKM AO_Search_Leads_Enero2025_SG,2025-06-13,175,24,44.279125,5.5,0.13714285714285715,1.844963,SEARCH
CA_AutoTradicional_Search_Leads_Enero2025_HC,2025-06-13,417,29,46.143094,2.873269,0.06954436450839328,1.591141,SEARCH
CA_AutoKM_PMax_Leads_Abril2025_SG,2025-06-13,3942,44,13.97742,4.371161,0.011161846778285134,0.317668,PERFORMANCE_MAX
CA_AutoKM AO_Search_Leads_Enero2025_SG,2025-06-14,242,19,20.668,4,0.07851239669421488,1.087789,SEARCH
CA_AutoTradicional_Search_Leads_Enero2025_HC,2025-06-14,473,34,33.13,3,0.07188160676532769,0.974411,SEARCH
CA_AutoKM_PMax_Leads_Abril2025_SG,2025-06-14,6579,95,15.696164,0,0.014439884480924153,0.165222,PERFORMANCE_MAX
CA_AutoKM AO_Search_Leads_Enero2025_SG,2025-06-15,239,16,37.23254,5,0.06694560669456066,2.327033,SEARCH
CA_AutoTradicional_Search_Leads_Enero2025_HC,2025-06-15,321,23,33.657112,0,0.07165109034267912,1.463352,SEARCH
CA_AutoKM_PMax_Leads_Abril2025_SG,2025-06-15,6988,56,14.09107,4,0.008013737836290785,0.251626,PERFORMANCE_MAX
CA_AutoKM AO_Search_Leads_Enero2025_SG,2025-06-16,559,32,66.518768,9.93386,0.057245080500894455,2.078711,SEARCH
CA_AutoTradicional_Search_Leads_Enero2025_HC,2025-06-16,551,44,25.338579,2,0.07985480943738657,0.575876,SEARCH
CA_AutoKM_PMax_Leads_Abril2025_SG,2025-06-16,8232,80,16.083649,2,0.009718172983479106,0.201045,PERFORMANCE_MAX
CA_AutoKM AO_Search_Leads_Enero2025_SG,2025-06-17,659,63,55.980944,9.014816,0.09559939301972686,0.888586,SEARCH
CA_AutoTradicional_Search_Leads_Enero2025_HC,2025-06-17,1301,462,32.200289,3.865745,0.35511145272867023,0.069697,SEARCH
CA_AutoKM_PMax_Leads_Abril2025_SG,2025-06-17,2712,26,11.250628,0,0.009587020648967551,0.432716,PERFORMANCE_MAX
CA_AutoKM AO_Search_Leads_Enero2025_SG,2025-06-18,348,23,68.832353,5,0.06609195402298851,2.992711,SEARCH
CA_AutoTradicional_Search_Leads_Enero2025_HC,2025-06-18,822,70,49.859344,7,0.0851581508515815,0.712276,SEARCH
CA_AutoKM_PMax_Leads_Abril2025_SG,2025-06-18,6374,58,12.630386,0,0.009099466582993411,0.217765,PERFORMANCE_MAX
CA_AutoKM AO_Search_Leads_Enero2025_SG,2025-06-19,487,39,36.028298,9,0.08008213552361396,0.923802,SEARCH
CA_AutoTradicional_Search_Leads_Enero2025_HC,2025-06-19,1337,75,88.091919,1,0.05609573672400898,1.174558,SEARCH
CA_AutoKM_PMax_Leads_Abril2025_SG,2025-06-19,8117,65,14.135228,1,0.008007884686460515,0.217465,PERFORMANCE_MAX
CA_AutoKM AO_Search_Leads_Enero2025_SG,2025-06-20,847,50,93.1,4.5,0.0590318772136954,1.862,SEARCH
CA_AutoTradicional_Search_Leads_Enero2025_HC,2025-06-20,990,109,170.97427,11.432531,0.1101010101010101,1.568571,SEARCH
CA_AutoKM_PMax_Leads_Abril2025_SG,2025-06-20,8634,72,14.560824,4,0.008339124391938846,0.202233,PERFORMANCE_MAX
CA_AutoKM AO_Search_Leads_Enero2025_SG,2025-06-21,771,50,124.154969,9.159664,0.0648508430609598,2.483099,SEARCH
CA_AutoTradicional_Search_Leads_Enero2025_HC,2025-06-21,860,122,76.56874,1,0.14186046511627906,0.627612,SEARCH
CA_AutoKM_PMax_Leads_Abril2025_SG,2025-06-21,8122,83,15.019479,2,0.010219157842895838,0.180957,PERFORMANCE_MAX
CA_AutoKM AO_Search_Leads_Enero2025_SG,2025-06-22,1094,67,142.649116,5.906901,0.061243144424131625,2.129091,SEARCH
CA_AutoTradicional_Search_Leads_Enero2025_HC,2025-06-22,517,87,39.605231,1,0.16827852998065765,0.455232,SEARCH
CA_AutoKM_PMax_Leads_Abril2025_SG,2025-06-22,7708,91,20.927521,1,0.01180591593149974,0.229972,PERFORMANCE_MAX
CA_AutoKM AO_Search_Leads_Enero2025_SG,2025-06-23,1288,69,164.140639,7,0.05357142857142857,2.378849,SEARCH
CA_AutoTradicional_Search_Leads_Enero2025_HC,2025-06-23,1124,124,219.206514,7,0.1103202846975089,1.767794,SEARCH
CA_AutoKM_PMax_Leads_Abril2025_SG,2025-06-23,5779,54,15.087681,2,0.009344177193286035,0.279401,PERFORMANCE_MAX
CA_AutoKM AO_Search_Leads_Enero2025_SG,2025-06-24,973,56,121.511283,7.897418,0.05755395683453238,2.169844,SEARCH
CA_AutoTradicional_Search_Leads_Enero2025_HC,2025-06-24,804,80,126.111799,7.902239,0.09950248756218906,1.576397,SEARCH
CA_AutoKM_PMax_Leads_Abril2025_SG,2025-06-24,6007,60,15.154912,1,0.00998834692858332,0.252581,PERFORMANCE_MAX
CA_AutoKM AO_Search_Leads_Enero2025_SG,2025-06-25,562,48,116.70447,6.040157,0.08540925266903915,2.431343,SEARCH
CA_AutoTradicional_Search_Leads_Enero2025_HC,2025-06-25,502,67,118.207996,3.5,0.13346613545816732,1.764298,SEARCH
CA_AutoKM_PMax_Leads_Abril2025_SG,2025-06-25,6257,60,13.883707,2,0.00958926002876778,0.231395,PERFORMANCE_MAX
CA_AutoKM AO_Search_Leads_Enero2025_SG,2025-06-26,967,36,104.9,11.000192,0.03722854188210962,2.913888,SEARCH
CA_AutoTradicional_Search_Leads_Enero2025_HC,2025-06-26,1108,91,129.981907,9,0.08212996389891697,1.428372,SEARCH
CA_AutoKM_PMax_Leads_Abril2025_SG,2025-06-26,5087,51,14.235667,3,0.010025555337133871,0.27913,PERFORMANCE_MAX
CA_AutoKM AO_Search_Leads_Enero2025_SG,2025-06-27,350,13,43.084242,3,0.037142857142857144,3.314172,SEARCH
CA_AutoTradicional_Search_Leads_Enero2025_HC,2025-06-27,515,44,49.64046,1,0.0854368932038835,1.128192,SEARCH
CA_AutoKM_PMax_Leads_Abril2025_SG,2025-06-27,2910,31,6.681688,0,0.010652920962199313,0.215538,PERFORMANCE_MAX
CA_AutoKM AO_Search_Leads_Enero2025_SG,2025-06-28,132,11,10.394617,0,0.08333333333333333,0.944965,SEARCH
CA_AutoTradicional_Search_Leads_Enero2025_HC,2025-06-28,177,16,11.261765,1,0.0903954802259887,0.70386,SEARCH
CA_AutoKM AO_Search_Leads_Enero2025_SG,2025-06-29,91,8,10.0,5.813802,0.08791208791208792,1.25,SEARCH
CA_AutoTradicional_Search_Leads_Enero2025_HC,2025-06-29,45,9,9.844116,5,0.2,1.09379,SEARCH
CA_AutoKM AO_Search_Leads_Enero2025_SG,2025-06-30,165,8,9.603969,2,0.048484848484848485,1.200496,SEARCH
CA_AutoTradicional_Search_Leads_Enero2025_HC,2025-06-30,134,11,8.88,6,0.08208955223880597,0.807272,SEARCH
CA_AutoKM AO_Search_Leads_Enero2025_SG,2025-07-01,174,17,25.856,3,0.09770114942528736,1.520941,SEARCH
CA_AutoTradicional_Search_Leads_Enero2025_HC,2025-07-01,288,23,49.817807,5,0.0798611111111111,2.165991,SEARCH
CA_AutoKM_PMax_Leads_Abril2025_SG,2025-07-01,125,3,0.035952,0,0.024,0.011984,PERFORMANCE_MAX
CA_AutoKM AO_Search_Leads_Enero2025_SG,2025-07-02,616,29,38.194598,9,0.04707792207792208,1.317055,SEARCH
CA_AutoTradicional_Search_Leads_Enero2025_HC,2025-07-02,743,88,79.940525,2,0.11843876177658143,0.908415,SEARCH
CA_AutoKM_PMax_Leads_Abril2025_SG,2025-07-02,16570,156,29.734226,1,0.009414604707302354,0.190604,PERFORMANCE_MAX
CA_AutoKM AO_Search_Leads_Enero2025_SG,2025-07-03,1031,57,109.370021,8,0.055286129970902036,1.918772,SEARCH
CA_AutoTradicional_Search_Leads_Enero2025_HC,2025-07-03,438,95,56.132829,3,0.21689497716894976,0.590871,SEARCH
CA_AutoKM_PMax_Leads_Abril2025_SG,2025-07-03,8704,83,17.017864,1.274059,0.009535845588235295,0.205034,PERFORMANCE_MAX
CA_AutoKM AO_Search_Leads_Enero2025_SG,2025-07-04,316,38,81.080662,7.906902,0.12025316455696203,2.133701,SEARCH
CA_AutoTradicional_Search_Leads_Enero2025_HC,2025-07-04,405,39,55.672172,12.588016,0.0962962962962963,1.427491,SEARCH
CA_AutoKM_PMax_Leads_Abril2025_SG,2025-07-04,16615,100,13.779146,3,0.006018657839301836,0.137791,PERFORMANCE_MAX
CA_AutoKM AO_Search_Leads_Enero2025_SG,2025-07-05,475,35,71.016553,3,0.07368421052631578,2.029044,SEARCH
CA_AutoTradicional_Search_Leads_Enero2025_HC,2025-07-05,356,26,17.1663,0,0.07303370786516854,0.660242,SEARCH
CA_AutoKM_PMax_Leads_Abril2025_SG,2025-07-05,7977,61,13.771025,0,0.007646985082111069,0.225754,PERFORMANCE_MAX
CA_AutoKM AO_Search_Leads_Enero2025_SG,2025-07-06,446,22,32.831254,2,0.04932735426008968,1.492329,SEARCH
CA_AutoTradicional_Search_Leads_Enero2025_HC,2025-07-06,357,34,34.566401,0.845183,0.09523809523809523,1.016658,SEARCH
CA_AutoKM_PMax_Leads_Abril2025_SG,2025-07-06,9418,105,15.370519,1,0.011148863877681036,0.146385,PERFORMANCE_MAX
CA_AutoKM AO_Search_Leads_Enero2025_SG,2025-07-07,879,49,122.607117,8.654185,0.055745164960182024,2.502186,SEARCH
CA_AutoTradicional_Search_Leads_Enero2025_HC,2025-07-07,879,49,116.596558,4,0.055745164960182024,2.379521,SEARCH
CA_AutoKM_PMax_Leads_Abril2025_SG,2025-07-07,6988,44,15.765639,5,0.006296508299942759,0.358309,PERFORMANCE_MAX
CA_AutoKM AO_Search_Leads_Enero2025_SG,2025-07-08,488,38,71.265016,5.5,0.0778688524590164,1.875395,SEARCH
CA_AutoTradicional_Search_Leads_Enero2025_HC,2025-07-08,284,42,72.520204,9,0.14788732394366197,1.726671,SEARCH
CA_AutoKM_PMax_Leads_Abril2025_SG,2025-07-08,9608,65,13.780125,2,0.006765195670274771,0.212001,PERFORMANCE_MAX
CA_AutoKM AO_Search_Leads_Enero2025_SG,2025-07-09,646,40,68.483749,8,0.06191950464396285,1.712093,SEARCH
CA_AutoTradicional_Search_Leads_Enero2025_HC,2025-07-09,249,18,60.79,1,0.07228915662650602,3.377222,SEARCH
CA_AutoKM_PMax_Leads_Abril2025_SG,2025-07-09,9483,82,13.345647,0,0.008647052620478752,0.162751,PERFORMANCE_MAX
CA_AutoKM AO_Search_Leads_Enero2025_SG,2025-07-10,720,49,90.508901,6,0.06805555555555555,1.84712,SEARCH
CA_AutoTradicional_Search_Leads_Enero2025_HC,2025-07-10,428,53,81.457034,3,0.12383177570093458,1.536925,SEARCH
CA_AutoKM_PMax_Leads_Abril2025_SG,2025-07-10,12624,233,14.320158,0,0.018456907477820025,0.061459,PERFORMANCE_MAX
CA_AutoKM AO_Search_Leads_Enero2025_SG,2025-07-11,932,43,80.386128,3,0.046137339055793994,1.869444,SEARCH
CA_AutoTradicional_Search_Leads_Enero2025_HC,2025-07-11,592,43,63.989851,1,0.07263513513513513,1.488136,SEARCH
CA_AutoKM_PMax_Leads_Abril2025_SG,2025-07-11,6658,109,14.154838,1,0.016371282667467707,0.12986,PERFORMANCE_MAX
CA_AutoKM AO_Search_Leads_Enero2025_SG,2025-07-12,743,45,74.202768,7.999878,0.06056527590847914,1.64895,SEARCH
CA_AutoTradicional_Search_Leads_Enero2025_HC,2025-07-12,343,33,37.21,2,0.09620991253644315,1.127575,SEARCH
CA_AutoKM_PMax_Leads_Abril2025_SG,2025-07-12,7043,125,12.509576,1,0.01774811869941786,0.100076,PERFORMANCE_MAX
CA_AutoKM AO_Search_Leads_Enero2025_SG,2025-07-13,647,63,93.114654,8,0.0973724884080371,1.47801,SEARCH
CA_AutoTradicional_Search_Leads_Enero2025_HC,2025-07-13,320,16,32.609772,1,0.05,2.03811,SEARCH
CA_AutoKM_PMax_Leads_Abril2025_SG,2025-07-13,7618,66,19.928041,0,0.008663691257547913,0.30194,PERFORMANCE_MAX
CA_AutoKM AO_Search_Leads_Enero2025_SG,2025-07-14,1179,60,135.69529,10.491596,0.05089058524173028,2.261588,SEARCH
CA_AutoTradicional_Search_Leads_Enero2025_HC,2025-07-14,925,87,153.99484,4,0.09405405405405405,1.770055,SEARCH
CA_AutoKM_PMax_Leads_Abril2025_SG,2025-07-14,11819,59,12.922218,2,0.00499196209493189,0.21902,PERFORMANCE_MAX
CA_AutoKM AO_Search_Leads_Enero2025_SG,2025-07-15,1262,49,106.241623,3.220508,0.03882725832012678,2.168196,SEARCH
CA_AutoTradicional_Search_Leads_Enero2025_HC,2025-07-15,651,38,120.171361,7,0.05837173579109063,3.162404,SEARCH
CA_AutoKM_PMax_Leads_Abril2025_SG,2025-07-15,6343,36,13.393191,0,0.005675547848021441,0.372033,PERFORMANCE_MAX
CA_AutoKM AO_Search_Leads_Enero2025_SG,2025-07-16,440,46,100.566759,9,0.10454545454545454,2.186233,SEARCH
CA_AutoTradicional_Search_Leads_Enero2025_HC,2025-07-16,351,18,49.06825,1,0.05128205128205128,2.726013,SEARCH
CA_AutoKM_PMax_Leads_Abril2025_SG,2025-07-16,7215,42,16.623228,5,0.0058212058212058215,0.395791,PERFORMANCE_MAX
CA_AutoKM AO_Search_Leads_Enero2025_SG,2025-07-17,6133,197,102.030171,4,0.032121310940812,0.517919,SEARCH
CA_AutoTradicional_Search_Leads_Enero2025_HC,2025-07-17,407,19,57.853379,3,0.04668304668304668,3.044914,SEARCH
CA_AutoKM_PMax_Leads_Abril2025_SG,2025-07-17,16799,156,17.520255,0,0.009286267039704744,0.112309,PERFORMANCE_MAX
CA_AutoKM AO_Search_Leads_Enero2025_SG,2025-07-18,939,56,77.244267,5,0.059637912673056445,1.379361,SEARCH
CA_AutoTradicional_Search_Leads_Enero2025_HC,2025-07-18,433,15,61.749478,3,0.03464203233256351,4.116631,SEARCH
CA_AutoKM_PMax_Leads_Abril2025_SG,2025-07-18,8264,55,8.475629,0,0.006655372700871249,0.154102,PERFORMANCE_MAX
CA_AutoKM AO_Search_Leads_Enero2025_SG,2025-07-19,343,34,48.11519,15.031881,0.09912536443148688,1.415152,SEARCH
CA_AutoTradicional_Search_Leads_Enero2025_HC,2025-07-19,374,17,69.549457,1,0.045454545454545456,4.091144,SEARCH
CA_AutoKM_PMax_Leads_Abril2025_SG,2025-07-19,10325,73,15.707284,0,0.007070217917675545,0.215168,PERFORMANCE_MAX
CA_AutoKM AO_Search_Leads_Enero2025_SG,2025-07-20,491,41,76.848639,10,0.0835030549898167,1.874357,SEARCH
CA_AutoTradicional_Search_Leads_Enero2025_HC,2025-07-20,234,18,64.969903,1,0.07692307692307693,3.609439,SEARCH
CA_AutoKM_PMax_Leads_Abril2025_SG,2025-07-20,19226,259,11.488877,0,0.01347134089254135,0.044358,PERFORMANCE_MAX
CA_AutoKM AO_Search_Leads_Enero2025_SG,2025-07-21,937,73,132.060215,16.403568,0.07790821771611527,1.809044,SEARCH
CA_AutoTradicional_Search_Leads_Enero2025_HC,2025-07-21,1141,53,147.951905,0,0.04645048203330412,2.791545,SEARCH
CA_AutoKM_PMax_Leads_Abril2025_SG,2025-07-21,22178,207,14.824677,0,0.009333573811885652,0.071616,PERFORMANCE_MAX
CA_AutoKM AO_Search_Leads_Enero2025_SG,2025-07-22,517,63,156.364974,19,0.1218568665377176,2.481983,SEARCH
CA_AutoTradicional_Search_Leads_Enero2025_HC,2025-07-22,631,32,153.996522,0,0.05071315372424723,4.812391,SEARCH
CA_AutoKM_PMax_Leads_Abril2025_SG,2025-07-22,17635,58,14.401078,1,0.003288914091295719,0.248294,PERFORMANCE_MAX
CA_AutoKM AO_Search_Leads_Enero2025_SG,2025-07-23,248,33,76.787198,134.037696,0.13306451612903225,2.326884,SEARCH
CA_AutoTradicional_Search_Leads_Enero2025_HC,2025-07-23,428,17,153.642894,0,0.0397196261682243,9.037817,SEARCH
CA_AutoKM_PMax_Leads_Abril2025_SG,2025-07-23,14904,39,13.582652,39,0.002616747181964573,0.348273,PERFORMANCE_MAX
CA_AutoKM AO_Search_Leads_Enero2025_SG,2025-07-24,357,29,21.286513,16,0.08123249299719888,0.734017,SEARCH
CA_AutoKM AO_Search_Leads_Enero2025_SG,2025-07-25,137,22,25.944184,3,0.16058394160583941,1.179281,SEARCH
CA_AutoKM AO_Search_Leads_Enero2025_SG,2025-07-26,173,20,22.316847,10.728773,0.11560693641618497,1.115842,SEARCH
CA_AutoKM AO_Search_Leads_Enero2025_SG,2025-07-27,376,23,24.483816,5,0.061170212765957445,1.064513,SEARCH
CA_AutoKM AO_Search_Leads_Enero2025_SG,2025-07-28,330,28,27.620123,4,0.08484848484848485,0.986432,SEARCH
CA_AutoKM AO_Search_Leads_Enero2025_SG,2025-07-29,223,32,22.191094,16.968119,0.14349775784753363,0.693471,SEARCH
CA_AutoKM AO_Search_Leads_Enero2025_SG,2025-07-30,192,19,22.208124,3,0.09895833333333333,1.168848,SEARCH
CA_AutoKM AO_Search_Leads_Enero2025_SG,2025-07-31,190,20,18.029639,2,0.10526315789473684,0.901481,SEARCH
CA_AutoKM AO_Search_Leads_Enero2025_SG,2025-08-01,268,14,17.232454,2.825166,0.05223880597014925,1.230889,SEARCH
CA_AutoTradicional_Search_Leads_Enero2025_HC,2025-08-01,4,0,0.0,0,0,0.0,SEARCH
CA_AutoKM_PMax_Leads_Abril2025_SG,2025-08-01,2304,25,7.000981,0,0.010850694444444444,0.280039,PERFORMANCE_MAX
CA_AutoKM AO_Search_Leads_Enero2025_SG,2025-08-02,516,43,67.903023,4,0.08333333333333333,1.57914,SEARCH
CA_AutoTradicional_Search_Leads_Enero2025_HC,2025-08-02,206,15,75.818811,0,0.07281553398058252,5.054587,SEARCH
CA_AutoKM_PMax_Leads_Abril2025_SG,2025-08-02,5043,50,23.547051,0,0.009914733293674401,0.470941,PERFORMANCE_MAX
CA_AutoKM AO_Search_Leads_Enero2025_SG,2025-08-03,681,45,77.491574,3.093992,0.06607929515418502,1.722034,SEARCH
CA_AutoTradicional_Search_Leads_Enero2025_HC,2025-08-03,90,14,50.632395,1,0.15555555555555556,3.616599,SEARCH
CA_AutoKM_PMax_Leads_Abril2025_SG,2025-08-03,10043,43,14.457886,1,0.00428158916658369,0.336229,PERFORMANCE_MAX
CA_AutoKM AO_Search_Leads_Enero2025_SG,2025-08-04,634,77,88.606049,43.906008,0.12145110410094637,1.150727,SEARCH
CA_AutoTradicional_Search_Leads_Enero2025_HC,2025-08-04,136,10,48.686296,1,0.07352941176470588,4.868629,SEARCH
CA_AutoKM_PMax_Leads_Abril2025_SG,2025-08-04,14491,38,15.724398,2,0.0026223173003933477,0.413799,PERFORMANCE_MAX
CA_AutoKM AO_Search_Leads_Enero2025_SG,2025-08-05,472,26,73.73251,7.5,0.05508474576271186,2.835865,SEARCH
CA_AutoTradicional_Search_Leads_Enero2025_HC,2025-08-05,69,9,40.658308,2,0.13043478260869565,4.517589,SEARCH
CA_AutoKM_PMax_Leads_Abril2025_SG,2025-08-05,707,15,12.904998,2,0.021216407355021217,0.860333,PERFORMANCE_MAX
CA_AutoKM AO_Search_Leads_Enero2025_SG,2025-08-06,607,42,70.922239,14.023368,0.06919275123558484,1.688624,SEARCH
CA_AutoTradicional_Search_Leads_Enero2025_HC,2025-08-06,50,8,40.25,0,0.16,5.03125,SEARCH
CA_AutoKM_PMax_Leads_Abril2025_SG,2025-08-06,8182,24,14.648504,0,0.0029332681495966755,0.610354,PERFORMANCE_MAX
CA_AutoKM AO_Search_Leads_Enero2025_SG,2025-08-07,425,55,62.370844,72,0.12941176470588237,1.134015,SEARCH
CA_AutoTradicional_Search_Leads_Enero2025_HC,2025-08-07,82,6,32.213946,0,0.07317073170731707,5.368991,SEARCH
CA_AutoKM_PMax_Leads_Abril2025_SG,2025-08-07,1483,10,11.7919,0,0.006743088334457181,1.17919,PERFORMANCE_MAX
CA_AutoKM AO_Search_Leads_Enero2025_SG,2025-08-08,296,26,40.428042,7.805109,0.08783783783783784,1.554924,SEARCH
CA_AutoTradicional_Search_Leads_Enero2025_HC,2025-08-08,177,20,37.10857,2,0.11299435028248588,1.855428,SEARCH
CA_AutoKM_PMax_Leads_Abril2025_SG,2025-08-08,14209,24,14.227781,1,0.001689070307551552,0.592824,PERFORMANCE_MAX
CA_AutoTradicional Temporalidades_Search_Leads_SG,2025-08-08,2,0,0.0,0,0,0.0,SEARCH
CA_AutoKM AO_Search_Leads_Enero2025_SG,2025-08-09,299,19,14.223811,0.130842,0.06354515050167224,0.748621,SEARCH
CA_AutoKM_PMax_Leads_Abril2025_SG,2025-08-09,7409,32,18.414632,3,0.004319071399649076,0.575457,PERFORMANCE_MAX
CA_AutoTradicional Temporalidades_Search_Leads_SG,2025-08-09,94,2,1.6,1,0.02127659574468085,0.8,SEARCH
CA_AutoKM AO_Search_Leads_Enero2025_SG,2025-08-10,268,24,21.069531,6,0.08955223880597014,0.877897,SEARCH
CA_AutoKM_PMax_Leads_Abril2025_SG,2025-08-10,3262,15,4.400731,6.523424,0.004598405885959534,0.293382,PERFORMANCE_MAX
CA_AutoTradicional Temporalidades_Search_Leads_SG,2025-08-10,109,12,25.180257,1,0.11009174311926606,2.098354,SEARCH
CA_AutoKM AO_Search_Leads_Enero2025_SG,2025-08-11,970,56,102.692198,18.5,0.0577319587628866,1.833789,SEARCH
CA_AutoKM_PMax_Leads_Abril2025_SG,2025-08-11,19712,24,22.829444,1,0.0012175324675324675,0.951226,PERFORMANCE_MAX
CA_AutoTradicional Temporalidades_Search_Leads_SG,2025-08-11,553,24,47.977925,3,0.0433996383363472,1.99908,SEARCH
CA_AutoKM AO_Search_Leads_Enero2025_SG,2025-08-12,570,47,84.971057,16.761684,0.0824561403508772,1.807894,SEARCH
CA_AutoKM_PMax_Leads_Abril2025_SG,2025-08-12,7991,12,18.074462,0,0.0015016894005756476,1.506205,PERFORMANCE_MAX
CA_AutoTradicional Temporalidades_Search_Leads_SG,2025-08-12,613,30,81.994698,1,0.048939641109298535,2.733156,SEARCH
CA_AutoKM AO_Search_Leads_Enero2025_SG,2025-08-13,748,43,60.196415,11,0.05748663101604278,1.399916,SEARCH
CA_AutoKM_PMax_Leads_Abril2025_SG,2025-08-13,8690,19,9.514614,2.322548,0.002186421173762946,0.500769,PERFORMANCE_MAX
CA_AutoTradicional Temporalidades_Search_Leads_SG,2025-08-13,463,28,87.068771,1,0.06047516198704104,3.109598,SEARCH
CA_AutoKM AO_Search_Leads_Enero2025_SG,2025-08-14,491,42,65.992099,0,0.0855397148676171,1.57124,SEARCH
CA_AutoKM_PMax_Leads_Abril2025_SG,2025-08-14,1082,15,17.588215,0,0.013863216266173753,1.172547,PERFORMANCE_MAX
CA_AutoTradicional Temporalidades_Search_Leads_SG,2025-08-14,239,22,61.326136,0,0.09205020920502092,2.787551,SEARCH
CA_AutoKM AO_Search_Leads_Enero2025_SG,2025-08-15,475,38,41.680586,0,0.08,1.096857,SEARCH
CA_AutoKM_PMax_Leads_Abril2025_SG,2025-08-15,12507,30,6.174723,0,0.0023986567522187576,0.205824,PERFORMANCE_MAX
CA_AutoTradicional Temporalidades_Search_Leads_SG,2025-08-15,448,28,42.53177,0,0.0625,1.518991,SEARCH
CA_AutoKM AO_Search_Leads_Enero2025_SG,2025-08-16,446,26,37.895398,0,0.05829596412556054,1.457515,SEARCH
CA_AutoKM_PMax_Leads_Abril2025_SG,2025-08-16,4033,27,25.005501,0,0.006694768162658071,0.926129,PERFORMANCE_MAX
CA_AutoTradicional Temporalidades_Search_Leads_SG,2025-08-16,503,17,34.316471,0,0.033797216699801194,2.018615,SEARCH
CA_AutoKM AO_Search_Leads_Enero2025_SG,2025-08-17,415,35,48.068478,0,0.08433734939759036,1.373385,SEARCH
CA_AutoKM_PMax_Leads_Abril2025_SG,2025-08-17,6261,15,12.647193,0,0.0023957834211787254,0.843146,PERFORMANCE_MAX
CA_AutoTradicional Temporalidades_Search_Leads_SG,2025-08-17,302,20,45.92942,0,0.06622516556291391,2.296471,SEARCH
CA_AutoKM AO_Search_Leads_Enero2025_SG,2025-08-18,821,74,93.075937,0,0.09013398294762484,1.257782,SEARCH
CA_AutoKM_PMax_Leads_Abril2025_SG,2025-08-18,10136,18,12.135446,0,0.001775848460931334,0.674191,PERFORMANCE_MAX
CA_AutoTradicional Temporalidades_Search_Leads_SG,2025-08-18,443,17,47.092092,0,0.03837471783295711,2.770123,SEARCH
CA_AutoKM AO_Search_Leads_Enero2025_SG,2025-08-19,506,47,68.852915,0,0.09288537549407115,1.464955,SEARCH
CA_AutoKM_PMax_Leads_Abril2025_SG,2025-08-19,10327,17,14.379036,0,0.001646170233368839,0.845825,PERFORMANCE_MAX
CA_AutoTradicional Temporalidades_Search_Leads_SG,2025-08-19,328,16,33.66313,0,0.04878048780487805,2.103945,SEARCH
CA_AutoKM AO_Search_Leads_Enero2025_SG,2025-08-20,379,50,50.444197,0,0.13192612137203166,1.008883,SEARCH
CA_AutoKM_PMax_Leads_Abril2025_SG,2025-08-20,7801,28,12.776516,0,0.003589283425201897,0.456304,PERFORMANCE_MAX
CA_AutoTradicional Temporalidades_Search_Leads_SG,2025-08-20,394,18,41.538702,0,0.04568527918781726,2.307705,SEARCH
CA_AutoKM AO_Search_Leads_Enero2025_SG,2025-08-21,329,53,30.507951,0,0.16109422492401215,0.575621,SEARCH
CA_AutoKM_PMax_Leads_Abril2025_SG,2025-08-21,7896,28,18.211674,0,0.0035460992907801418,0.650416,PERFORMANCE_MAX
CA_AutoTradicional Temporalidades_Search_Leads_SG,2025-08-21,340,28,50.708301,0,0.08235294117647059,1.81101,SEARCH
CA_AutoKM AO_Search_Leads_Enero2025_SG,2025-08-22,392,28,24.714749,0,0.07142857142857142,0.882669,SEARCH
CA_AutoKM_PMax_Leads_Abril2025_SG,2025-08-22,3684,11,4.981029,0,0.002985884907709012,0.45282,PERFORMANCE_MAX
CA_AutoTradicional Temporalidades_Search_Leads_SG,2025-08-22,371,25,33.002019,0,0.0673854447439353,1.32008,SEARCH
CA_AutoKM AO_Search_Leads_Enero2025_SG,2025-08-23,198,20,12.927226,0,0.10101010101010101,0.646361,SEARCH
CA_AutoKM_PMax_Leads_Abril2025_SG,2025-08-23,9532,45,17.764676,0,0.004720939991607218,0.39477,PERFORMANCE_MAX
CA_AutoTradicional Temporalidades_Search_Leads_SG,2025-08-23,223,12,13.48503,0,0.053811659192825115,1.123752,SEARCH
CA_AutoKM AO_Search_Leads_Enero2025_SG,2025-08-24,160,17,8.822543,0,0.10625,0.518973,SEARCH
CA_AutoKM_PMax_Leads_Abril2025_SG,2025-08-24,9686,24,12.226552,0,0.0024778030146603344,0.509439,PERFORMANCE_MAX
CA_AutoTradicional Temporalidades_Search_Leads_SG,2025-08-24,141,15,26.612513,0,0.10638297872340426,1.774167,SEARCH
CA_AutoKM AO_Search_Leads_Enero2025_SG,2025-08-25,357,31,36.475235,0,0.08683473389355742,1.17662,SEARCH
CA_AutoKM_PMax_Leads_Abril2025_SG,2025-08-25,6983,29,21.132306,0,0.004152942861234426,0.7287,PERFORMANCE_MAX
CA_AutoTradicional Temporalidades_Search_Leads_SG,2025-08-25,404,22,37.145031,0,0.054455445544554455,1.68841,SEARCH
CA_AutoKM AO_Search_Leads_Enero2025_SG,2025-08-26,713,47,78.182057,0,0.06591865357643759,1.663448,SEARCH
CA_AutoKM_PMax_Leads_Abril2025_SG,2025-08-26,14297,33,11.05391,0,0.002308176540532979,0.334966,PERFORMANCE_MAX
CA_AutoTradicional Temporalidades_Search_Leads_SG,2025-08-26,554,27,74.345591,0,0.048736462093862815,2.75354,SEARCH
CA_AutoKM AO_Search_Leads_Enero2025_SG,2025-08-27,987,64,88.345329,0,0.06484295845997974,1.380395,SEARCH
CA_AutoKM_PMax_Leads_Abril2025_SG,2025-08-27,14801,24,15.281286,0,0.0016215120599959462,0.63672,PERFORMANCE_MAX
CA_AutoTradicional Temporalidades_Search_Leads_SG,2025-08-27,402,15,42.640295,0,0.03731343283582089,2.842686,SEARCH
CA_AutoKM AO_Search_Leads_Enero2025_SG,2025-08-28,2915,65,85.162382,0,0.022298456260720412,1.31019,SEARCH
CA_AutoKM_PMax_Leads_Abril2025_SG,2025-08-28,6331,24,10.19207,0,0.003790870320644448,0.424669,PERFORMANCE_MAX
CA_AutoTradicional Temporalidades_Search_Leads_SG,2025-08-28,327,4,4.255631,0,0.012232415902140673,1.063907,SEARCH
CA_AutoKM AO_Search_Leads_Enero2025_SG,2025-08-29,1488,68,118.734719,0,0.0456989247311828,1.746098,SEARCH
CA_AutoKM_PMax_Leads_Abril2025_SG,2025-08-29,20141,36,9.146567,0,0.0017873988381907552,0.254071,PERFORMANCE_MAX
CA_AutoTradicional Temporalidades_Search_Leads_SG,2025-08-29,319,12,24.963049,0,0.03761755485893417,2.080254,SEARCH
CA_AutoKM AO_Search_Leads_Enero2025_SG,2025-08-30,724,50,68.402198,0,0.06906077348066299,1.368043,SEARCH
CA_AutoKM_PMax_Leads_Abril2025_SG,2025-08-30,14591,35,11.233307,0,0.0023987389486669866,0.320951,PERFORMANCE_MAX
CA_AutoTradicional Temporalidades_Search_Leads_SG,2025-08-30,346,17,33.441232,0,0.049132947976878616,1.967131,SEARCH
CA_AutoKM AO_Search_Leads_Enero2025_SG,2025-08-31,389,25,29.307034,0,0.06426735218508997,1.172281,SEARCH
CA_AutoKM_PMax_Leads_Abril2025_SG,2025-08-31,23889,74,22.999638,0,0.00309766001088367,0.310805,PERFORMANCE_MAX
CA_AutoTradicional Temporalidades_Search_Leads_SG,2025-08-31,377,26,32.678679,0,0.06896551724137931,1.256872,SEARCH
CA_Auto Moto_Search_Branding_Septiembre 2025_SG,2025-09-01,8,0,0.0,0,0,0.0,SEARCH
CA_Auto Moto_Search_Branding_Septiembre 2025_SG,2025-09-02,365,8,19.999225,0,0.021917808219178082,2.499903,SEARCH
CA_Auto Moto_Search_Branding_Septiembre 2025_SG,2025-09-03,209,16,12.972356,1,0.07655502392344497,0.810772,SEARCH
CA_Auto Moto_Search_Branding_Septiembre 2025_SG,2025-09-04,133,15,10.474283,0,0.11278195488721804,0.698285,SEARCH
CA_Auto Moto_Search_Branding_Septiembre 2025_SG,2025-09-05,103,20,10.550054,3.579437,0.1941747572815534,0.527502,SEARCH
CA_Auto Moto_DemandGen_Branding_Septiembre 2025_SG_Diciembre_MB,2025-09-05,4036,198,3.649214,0,0.04905847373637265,0.01843,DEMAND_GEN
CA_Display_Remarketing_Septiembre2025_SG,2025-09-05,23497,183,16.137923,0,0.007788228284461846,0.088185,DISPLAY
CA_Auto Moto_Search_Branding_Septiembre 2025_SG,2025-09-06,295,17,11.794253,1,0.0576271186440678,0.693779,SEARCH
CA_Auto Moto_DemandGen_Branding_Septiembre 2025_SG_Diciembre_MB,2025-09-06,89846,4487,27.771311,0,0.049941010172962624,0.006189,DEMAND_GEN
CA_Display_Remarketing_Septiembre2025_SG,2025-09-06,21157,131,13.618831,0,0.006191804131020466,0.10396,DISPLAY
CA_Auto Moto_Search_Branding_Septiembre 2025_SG,2025-09-07,122,8,8.96224,2,0.06557377049180328,1.12028,SEARCH
CA_Auto Moto_DemandGen_Branding_Septiembre 2025_SG_Diciembre_MB,2025-09-07,96874,5380,27.752956,0,0.05553605714639635,0.005158,DEMAND_GEN
CA_Display_Remarketing_Septiembre2025_SG,2025-09-07,21641,133,13.377088,0,0.006145741878841089,0.100579,DISPLAY
CA_Auto Moto_Search_Branding_Septiembre 2025_SG,2025-09-08,43,18,8.076108,1.994367,0.4186046511627907,0.448672,SEARCH
CA_Auto Moto_DemandGen_Branding_Septiembre 2025_SG_Diciembre_MB,2025-09-08,98885,5348,27.815106,0,0.05408302573696718,0.005201,DEMAND_GEN
CA_Display_Remarketing_Septiembre2025_SG,2025-09-08,20048,89,13.361428,0,0.004439345570630487,0.150128,DISPLAY
CA_Auto Moto_Search_Branding_Septiembre 2025_SG,2025-09-09,60,16,10.187407,1,0.26666666666666666,0.636712,SEARCH
CA_Auto Moto_DemandGen_Branding_Septiembre 2025_SG_Diciembre_MB,2025-09-09,91402,5491,27.714734,0,0.06007527187588893,0.005047,DEMAND_GEN
CA_Display_Remarketing_Septiembre2025_SG,2025-09-09,19255,106,13.390727,0,0.005505063619839003,0.126327,DISPLAY
CA_Auto Moto_Search_Branding_Septiembre 2025_SG,2025-09-10,190,15,12.607832,0,0.07894736842105263,0.840522,SEARCH
CA_Auto Moto_DemandGen_Branding_Septiembre 2025_SG_Diciembre_MB,2025-09-10,89552,5446,27.762313,0,0.0608138288368769,0.005097,DEMAND_GEN
CA_Display_Remarketing_Septiembre2025_SG,2025-09-10,19862,115,13.906626,0,0.005789950659550901,0.120927,DISPLAY
CA_Auto Moto_Search_Branding_Septiembre 2025_SG,2025-09-11,215,17,10.122134,0,0.07906976744186046,0.595419,SEARCH
CA_Auto Moto_DemandGen_Branding_Septiembre 2025_SG_Diciembre_MB,2025-09-11,91486,5316,27.802163,0,0.058107251382725225,0.005229,DEMAND_GEN
CA_Display_Remarketing_Septiembre2025_SG,2025-09-11,20190,130,13.930042,0,0.0064388311045071814,0.107154,DISPLAY
CA_Auto Moto_Search_Branding_Septiembre 2025_SG,2025-09-12,140,14,10.863497,0,0.1,0.775964,SEARCH
CA_Auto Moto_DemandGen_Branding_Septiembre 2025_SG_Diciembre_MB,2025-09-12,90183,5285,27.7417,0,0.05860306266147722,0.005249,DEMAND_GEN
CA_Display_Remarketing_Septiembre2025_SG,2025-09-12,20329,121,13.883712,0,0.005952088149933593,0.114741,DISPLAY
CA_Auto Moto_Search_Branding_Septiembre 2025_SG,2025-09-13,135,9,8.102008,0.137669,0.06666666666666667,0.900223,SEARCH
CA_Auto Moto_DemandGen_Branding_Septiembre 2025_SG_Diciembre_MB,2025-09-13,87242,5285,27.750491,0,0.06057862038926205,0.00525,DEMAND_GEN
CA_Display_Remarketing_Septiembre2025_SG,2025-09-13,20750,158,13.894432,0,0.007614457831325301,0.087939,DISPLAY
CA_Auto Moto_Search_Branding_Septiembre 2025_SG,2025-09-14,91,8,7.855178,0,0.08791208791208792,0.981897,SEARCH
CA_Auto Moto_DemandGen_Branding_Septiembre 2025_SG_Diciembre_MB,2025-09-14,84068,5170,27.776281,0,0.06149783508588286,0.005372,DEMAND_GEN
CA_Display_Remarketing_Septiembre2025_SG,2025-09-14,21975,179,13.85124,0,0.008145620022753128,0.077381,DISPLAY
CA_Auto Moto_Search_Branding_Septiembre 2025_SG,2025-09-15,59,2,2.13,0,0.03389830508474576,1.065,SEARCH
CA_Auto Moto_DemandGen_Branding_Septiembre 2025_SG_Diciembre_MB,2025-09-15,85245,5419,27.816187,0,0.06356971083347997,0.005133,DEMAND_GEN
CA_Display_Remarketing_Septiembre2025_SG,2025-09-15,20370,141,13.810609,0,0.006921944035346097,0.097947,DISPLAY
CA_Auto Moto_Search_Branding_Septiembre 2025_SG,2025-09-16,436,24,9.883644,0,0.05504587155963303,0.411818,SEARCH
CA_Auto Moto_DemandGen_Branding_Septiembre 2025_SG_Diciembre_MB,2025-09-16,88089,5571,27.830848,0,0.06324285665633621,0.004995,DEMAND_GEN
CA_Display_Remarketing_Septiembre2025_SG,2025-09-16,20330,159,13.759046,0,0.007820954254795868,0.086534,DISPLAY
CA_Auto Moto_Search_Branding_Septiembre 2025_SG,2025-09-17,252,18,21.17,0.245736,0.07142857142857142,1.176111,SEARCH
CA_Auto Moto_DemandGen_Branding_Septiembre 2025_SG_Diciembre_MB,2025-09-17,89822,5598,27.864872,0,0.06232326156175547,0.004977,DEMAND_GEN
CA_Display_Remarketing_Septiembre2025_SG,2025-09-17,20576,121,13.770937,0,0.005880637636080871,0.113809,DISPLAY
CA_Auto Moto_Search_Branding_Septiembre 2025_SG,2025-09-18,264,21,14.168803,0,0.07954545454545454,0.674704,SEARCH
CA_Auto Moto_DemandGen_Branding_Septiembre 2025_SG_Diciembre_MB,2025-09-18,86288,5491,27.875841,1,0.06363573150380122,0.005076,DEMAND_GEN
CA_Display_Remarketing_Septiembre2025_SG,2025-09-18,20172,115,13.676893,0,0.00570097164386278,0.118929,DISPLAY
CA_Auto Moto_Search_Branding_Septiembre 2025_SG,2025-09-19,63,9,6.94,0,0.14285714285714285,0.771111,SEARCH
CA_Auto Moto_DemandGen_Branding_Septiembre 2025_SG_Diciembre_MB,2025-09-19,84615,5565,27.857002,0,0.06576848076582166,0.005005,DEMAND_GEN
CA_Display_Remarketing_Septiembre2025_SG,2025-09-19,20140,121,13.610188,0,0.006007944389275074,0.11248,DISPLAY
CA_Auto Moto_Search_Branding_Septiembre 2025_SG,2025-09-20,150,13,8.983912,1,0.08666666666666667,0.69107,SEARCH
CA_Auto Moto_DemandGen_Branding_Septiembre 2025_SG_Diciembre_MB,2025-09-20,86990,5617,27.895772,1,0.06457064030348315,0.004966,DEMAND_GEN
CA_Display_Remarketing_Septiembre2025_SG,2025-09-20,21219,128,13.545502,0,0.006032329515999812,0.105824,DISPLAY
CA_Auto Moto_Search_Branding_Septiembre 2025_SG,2025-09-21,89,13,10.005093,0,0.14606741573033707,0.769622,SEARCH
CA_Auto Moto_DemandGen_Branding_Septiembre 2025_SG_Diciembre_MB,2025-09-21,84394,5518,27.895304,0,0.0653837950565206,0.005055,DEMAND_GEN
CA_Display_Remarketing_Septiembre2025_SG,2025-09-21,21773,155,13.481103,0,0.0071189087401827954,0.086974,DISPLAY
CA_Auto Moto_Search_Branding_Septiembre 2025_SG,2025-09-22,114,18,10.92,0,0.15789473684210525,0.606666,SEARCH
CA_Auto Moto_DemandGen_Branding_Septiembre 2025_SG_Diciembre_MB,2025-09-22,83636,5287,27.800703,0,0.06321440528002295,0.005258,DEMAND_GEN
CA_Display_Remarketing_Septiembre2025_SG,2025-09-22,19887,116,13.441791,0,0.005832956202544376,0.115877,DISPLAY
CA_Auto Moto_Search_Branding_Septiembre 2025_SG,2025-09-23,200,16,9.945293,0,0.08,0.62158,SEARCH
CA_Auto Moto_DemandGen_Branding_Septiembre 2025_SG_Diciembre_MB,2025-09-23,83764,5349,27.954291,0,0.06385798194928609,0.005226,DEMAND_GEN
CA_Display_Remarketing_Septiembre2025_SG,2025-09-23,19375,136,13.397337,0,0.0070193548387096774,0.098509,DISPLAY
CA_Auto Moto_Search_Branding_Septiembre 2025_SG,2025-09-24,142,18,10.52,1,0.1267605633802817,0.584444,SEARCH
CA_Auto Moto_DemandGen_Branding_Septiembre 2025_SG_Diciembre_MB,2025-09-24,90150,5301,27.896789,0,0.058801996672212975,0.005262,DEMAND_GEN
CA_Display_Remarketing_Septiembre2025_SG,2025-09-24,19739,142,13.272497,0,0.007193880135771822,0.093468,DISPLAY
CA_Auto Moto_Search_Branding_Septiembre 2025_SG,2025-09-25,159,15,6.26,0,0.09433962264150944,0.417333,SEARCH
CA_Auto Moto_DemandGen_Branding_Septiembre 2025_SG_Diciembre_MB,2025-09-25,86698,5276,28.020465,0,0.06085492168216106,0.00531,DEMAND_GEN
CA_Display_Remarketing_Septiembre2025_SG,2025-09-25,21021,128,13.139064,0,0.0060891489462918036,0.102648,DISPLAY
CA_Auto Moto_Search_Branding_Septiembre 2025_SG,2025-09-26,205,15,7.171005,0,0.07317073170731707,0.478067,SEARCH
CA_Auto Moto_DemandGen_Branding_Septiembre 2025_SG_Diciembre_MB,2025-09-26,90204,5255,28.089992,0,0.05825684005143896,0.005345,DEMAND_GEN
CA_Display_Remarketing_Septiembre2025_SG,2025-09-26,19364,133,12.971685,0,0.006868415616608139,0.097531,DISPLAY
CA_Auto Moto_Search_Branding_Septiembre 2025_SG,2025-09-27,130,17,14.43,0,0.13076923076923078,0.848823,SEARCH
CA_Auto Moto_DemandGen_Branding_Septiembre 2025_SG_Diciembre_MB,2025-09-27,93107,5441,28.104802,0,0.05843814106350758,0.005165,DEMAND_GEN
CA_Display_Remarketing_Septiembre2025_SG,2025-09-27,18865,126,12.955472,0,0.006679035250463822,0.102821,DISPLAY
CA_Auto Moto_Search_Branding_Septiembre 2025_SG,2025-09-28,85,14,6.98,0,0.16470588235294117,0.498571,SEARCH
CA_Auto Moto_DemandGen_Branding_Septiembre 2025_SG_Diciembre_MB,2025-09-28,92569,5454,28.071346,0,0.05891821236050946,0.005146,DEMAND_GEN
CA_Display_Remarketing_Septiembre2025_SG,2025-09-28,18222,146,12.662975,0,0.008012292832839425,0.086732,DISPLAY
CA_Auto Moto_Search_Branding_Septiembre 2025_SG,2025-09-29,216,24,10.699821,1.996842,0.1111111111111111,0.445825,SEARCH
CA_Auto Moto_DemandGen_Branding_Septiembre 2025_SG_Diciembre_MB,2025-09-29,89606,5380,28.104526,0,0.06004062227975805,0.005223,DEMAND_GEN
CA_Display_Remarketing_Septiembre2025_SG,2025-09-29,17692,121,12.226308,0,0.006839249378250057,0.101043,DISPLAY
CA_Auto Moto_Search_Branding_Septiembre 2025_SG,2025-09-30,259,24,5.82,0.820276,0.09266409266409266,0.2425,SEARCH
CA_Auto Moto_DemandGen_Branding_Septiembre 2025_SG_Diciembre_MB,2025-09-30,80780,5049,25.514275,0,0.06250309482545184,0.005053,DEMAND_GEN
CA_Display_Remarketing_Septiembre2025_SG,2025-09-30,15355,81,11.787598,0,0.005275154672745034,0.145525,DISPLAY
CA_Auto Moto_Search_Branding_Septiembre 2025_SG,2025-10-01,205,9,3.5,0,0.04390243902439024,0.388888,SEARCH
CA_Auto Moto_DemandGen_Branding_Septiembre 2025_SG_Diciembre_MB,2025-10-01,99049,5574,22.630176,0,0.0562751769326293,0.004059,DEMAND_GEN
CA_Display_Remarketing_Septiembre2025_SG,2025-10-01,16730,128,11.168541,0,0.007650926479378362,0.087254,DISPLAY
CA_Auto Moto_Search_Branding_Septiembre 2025_SG,2025-10-02,309,22,17.45,0,0.07119741100323625,0.793181,SEARCH
CA_Auto Moto_DemandGen_Branding_Septiembre 2025_SG_Diciembre_MB,2025-10-02,81078,5404,22.536131,0,0.0666518661042453,0.00417,DEMAND_GEN
CA_Display_Remarketing_Septiembre2025_SG,2025-10-02,18271,111,11.598982,0,0.006075201138416069,0.104495,DISPLAY
CA_Auto Moto_Search_Branding_Septiembre 2025_SG,2025-10-03,214,20,8.961869,0,0.09345794392523364,0.448093,SEARCH
CA_Auto Moto_DemandGen_Branding_Septiembre 2025_SG_Diciembre_MB,2025-10-03,75725,5127,22.542537,0.012837,0.06770551337074943,0.004396,DEMAND_GEN
CA_Display_Remarketing_Septiembre2025_SG,2025-10-03,17786,146,11.689659,0,0.008208703474642977,0.080066,DISPLAY
CA_Auto Moto_Search_Branding_Septiembre 2025_SG,2025-10-04,279,19,8.93587,0,0.06810035842293907,0.470308,SEARCH
CA_Auto Moto_DemandGen_Branding_Septiembre 2025_SG_Diciembre_MB,2025-10-04,76078,5514,22.595382,0,0.07247824601067325,0.004097,DEMAND_GEN
CA_Display_Remarketing_Septiembre2025_SG,2025-10-04,18148,145,11.471827,0,0.007989861141723606,0.079116,DISPLAY
CA_Auto Moto_Search_Branding_Septiembre 2025_SG,2025-10-05,220,14,6.803915,0,0.06363636363636363,0.485993,SEARCH
CA_Auto Moto_DemandGen_Branding_Septiembre 2025_SG_Diciembre_MB,2025-10-05,72556,5086,22.518457,0,0.07009757980043001,0.004427,DEMAND_GEN
CA_Display_Remarketing_Septiembre2025_SG,2025-10-05,18192,146,11.56798,0,0.008025505716798593,0.079232,DISPLAY
CA_Auto Moto_Search_Branding_Septiembre 2025_SG,2025-10-06,303,21,14.607466,0,0.06930693069306931,0.695593,SEARCH
CA_Auto Moto_DemandGen_Branding_Septiembre 2025_SG_Diciembre_MB,2025-10-06,72944,4999,22.505997,0,0.06853202456679096,0.004502,DEMAND_GEN
CA_Display_Remarketing_Septiembre2025_SG,2025-10-06,18343,137,11.565475,0,0.0074687891838848604,0.084419,DISPLAY
CA_Auto Moto_Search_Branding_Septiembre 2025_SG,2025-10-07,291,27,12.642439,0.26796,0.09278350515463918,0.468238,SEARCH
CA_Auto Moto_DemandGen_Branding_Septiembre 2025_SG_Diciembre_MB,2025-10-07,61914,5107,22.638251,0,0.0824853829505443,0.004432,DEMAND_GEN
CA_Display_Remarketing_Septiembre2025_SG,2025-10-07,17324,148,11.63076,0,0.008543061648580005,0.078586,DISPLAY
CA_Auto Moto_Search_Branding_Septiembre 2025_SG,2025-10-08,326,21,11.323601,0.267961,0.06441717791411043,0.539219,SEARCH
CA_Auto Moto_DemandGen_Branding_Septiembre 2025_SG_Diciembre_MB,2025-10-08,60984,4867,22.608666,0,0.07980781844418208,0.004645,DEMAND_GEN
CA_Display_Remarketing_Septiembre2025_SG,2025-10-08,18015,134,11.421779,0,0.007438245906189286,0.085237,DISPLAY
CA_Auto Moto_Search_Branding_Septiembre 2025_SG,2025-10-09,233,23,11.412452,1,0.09871244635193133,0.496193,SEARCH
CA_Auto Moto_DemandGen_Branding_Septiembre 2025_SG_Diciembre_MB,2025-10-09,69784,5001,22.660568,0,0.07166399174595896,0.004531,DEMAND_GEN
CA_Display_Remarketing_Septiembre2025_SG,2025-10-09,18629,115,11.456497,0,0.006173170862633528,0.099621,DISPLAY
CA_Auto Moto_Search_Branding_Septiembre 2025_SG,2025-10-10,143,14,8.89,2,0.0979020979020979,0.635,SEARCH
CA_Auto Moto_DemandGen_Branding_Septiembre 2025_SG_Diciembre_MB,2025-10-10,69770,5122,22.635925,0,0.073412641536477,0.004419,DEMAND_GEN
CA_Display_Remarketing_Septiembre2025_SG,2025-10-10,18157,146,11.525954,0,0.00804097593214738,0.078944,DISPLAY
CA_Auto Moto_Search_Branding_Septiembre 2025_SG,2025-10-11,214,14,4.911686,1.626512,0.06542056074766354,0.350834,SEARCH
CA_Auto Moto_DemandGen_Branding_Septiembre 2025_SG_Diciembre_MB,2025-10-11,75059,5217,22.677032,0,0.06950532247964934,0.004346,DEMAND_GEN
CA_Display_Remarketing_Septiembre2025_SG,2025-10-11,17632,137,11.375485,0,0.007769963702359346,0.083032,DISPLAY
CA_Auto Moto_Search_Branding_Septiembre 2025_SG,2025-10-12,154,6,3.549227,0,0.03896103896103896,0.591537,SEARCH
CA_Auto Moto_DemandGen_Branding_Septiembre 2025_SG_Diciembre_MB,2025-10-12,71264,4985,22.66706,0,0.06995116748989673,0.004547,DEMAND_GEN
CA_Display_Remarketing_Septiembre2025_SG,2025-10-12,17026,154,11.217004,0,0.009044990015270763,0.072837,DISPLAY
CA_Auto Moto_Search_Branding_Septiembre 2025_SG,2025-10-13,352,27,15.71,0,0.07670454545454546,0.581851,SEARCH
CA_Auto Moto_DemandGen_Branding_Septiembre 2025_SG_Diciembre_MB,2025-10-13,68894,5053,22.652529,0,0.07334455830696432,0.004482,DEMAND_GEN
CA_Display_Remarketing_Septiembre2025_SG,2025-10-13,18194,112,11.33333,0,0.00615587556337254,0.10119,DISPLAY
CA_Auto Moto_Search_Branding_Septiembre 2025_SG,2025-10-14,124,13,11.996561,2,0.10483870967741936,0.922812,SEARCH
CA_Auto Moto_DemandGen_Branding_Septiembre 2025_SG_Diciembre_MB,2025-10-14,72066,4889,22.647557,0,0.0678405905697555,0.004632,DEMAND_GEN
CA_Display_Remarketing_Septiembre2025_SG,2025-10-14,17200,141,11.411442,0,0.008197674418604651,0.080932,DISPLAY
CA_AutoKM_Search_Leads_Octubre2025_SG_Diciembre_Febrero_Marzo,2025-10-14,32,4,4.403485,0.207533,0.125,1.100871,SEARCH
CA_Auto Moto_Search_Branding_Septiembre 2025_SG,2025-10-15,307,14,6.856,2,0.04560260586319218,0.489714,SEARCH
CA_Auto Moto_DemandGen_Branding_Septiembre 2025_SG_Diciembre_MB,2025-10-15,66921,4689,22.642945,0,0.07006769175595105,0.004828,DEMAND_GEN
CA_Display_Remarketing_Septiembre2025_SG,2025-10-15,16243,113,11.356656,0,0.0069568429477313305,0.100501,DISPLAY
CA_AutoKM_Search_Leads_Octubre2025_SG_Diciembre_Febrero_Marzo,2025-10-15,32,9,2.1,0,0.28125,0.233333,SEARCH
CA_Auto Moto_Search_Branding_Septiembre 2025_SG,2025-10-16,262,18,6.23,0,0.06870229007633588,0.346111,SEARCH
CA_Auto Moto_DemandGen_Branding_Septiembre 2025_SG_Diciembre_MB,2025-10-16,69676,4729,22.600803,0,0.06787128997072163,0.004779,DEMAND_GEN
CA_Display_Remarketing_Septiembre2025_SG,2025-10-16,17244,136,11.375694,0,0.007886801206216655,0.083644,DISPLAY
CA_AutoKM_Search_Leads_Octubre2025_SG_Diciembre_Febrero_Marzo,2025-10-16,190,14,9.019578,0,0.07368421052631578,0.644255,SEARCH
CA_Auto Moto_Search_Branding_Septiembre 2025_SG,2025-10-17,245,13,10.8,1,0.053061224489795916,0.830769,SEARCH
CA_Auto Moto_DemandGen_Branding_Septiembre 2025_SG_Diciembre_MB,2025-10-17,70120,4868,22.64763,0,0.06942384483742156,0.004652,DEMAND_GEN
CA_Display_Remarketing_Septiembre2025_SG,2025-10-17,17054,106,11.259227,0,0.006215550603963879,0.106219,DISPLAY
CA_AutoKM_Search_Leads_Octubre2025_SG_Diciembre_Febrero_Marzo,2025-10-17,907,26,12.355188,0,0.02866593164277839,0.475199,SEARCH
CA_Auto Moto_Search_Branding_Septiembre 2025_SG,2025-10-18,188,13,8.933296,0,0.06914893617021277,0.687176,SEARCH
CA_Auto Moto_DemandGen_Branding_Septiembre 2025_SG_Diciembre_MB,2025-10-18,71527,5082,22.635219,0,0.07105009297188475,0.004453,DEMAND_GEN
CA_Display_Remarketing_Septiembre2025_SG,2025-10-18,16794,141,11.210107,0,0.00839585566273669,0.079504,DISPLAY
CA_AutoKM_Search_Leads_Octubre2025_SG_Diciembre_Febrero_Marzo,2025-10-18,1023,26,9.217397,0,0.02541544477028348,0.354515,SEARCH
CA_Auto Moto_Search_Branding_Septiembre 2025_SG,2025-10-19,215,11,5.71,0,0.05116279069767442,0.51909,SEARCH
CA_Auto Moto_DemandGen_Branding_Septiembre 2025_SG_Diciembre_MB,2025-10-19,67769,5130,22.620442,0,0.0756983281441367,0.004409,DEMAND_GEN
CA_Display_Remarketing_Septiembre2025_SG,2025-10-19,17097,137,11.138256,0,0.00801310171375095,0.081301,DISPLAY
CA_AutoKM_Search_Leads_Octubre2025_SG_Diciembre_Febrero_Marzo,2025-10-19,528,5,1.155515,0,0.00946969696969697,0.231103,SEARCH
CA_Auto Moto_Search_Branding_Septiembre 2025_SG,2025-10-20,223,15,17.6,0,0.06726457399103139,1.173333,SEARCH
CA_Auto Moto_DemandGen_Branding_Septiembre 2025_SG_Diciembre_MB,2025-10-20,69553,5620,22.581617,0,0.08080169079694621,0.004018,DEMAND_GEN
CA_Display_Remarketing_Septiembre2025_SG,2025-10-20,16347,107,11.119207,0,0.006545543524805774,0.103917,DISPLAY
CA_Auto Moto_Search_Branding_Septiembre 2025_SG,2025-10-21,175,8,2.14,0,0.045714285714285714,0.2675,SEARCH
CA_Auto Moto_DemandGen_Branding_Septiembre 2025_SG_Diciembre_MB,2025-10-21,11836,884,4.600096,0,0.07468739438999662,0.005203,DEMAND_GEN
CA_Display_Remarketing_Septiembre2025_SG,2025-10-21,8663,56,6.080096,0,0.006464273346415791,0.108573,DISPLAY
CA_AutoKM_Search_Leads_Octubre2025_SG_Diciembre_Febrero_Marzo,2025-10-21,620,44,10.820632,0,0.07096774193548387,0.245923,SEARCH
CA_Auto Moto_Search_Branding_Septiembre 2025_SG,2025-10-22,83,7,2.19,0,0.08433734939759036,0.312857,SEARCH
CA_Auto Moto_DemandGen_Branding_Septiembre 2025_SG_Diciembre_MB,2025-10-22,18202,1234,4.639777,0,0.0677947478299088,0.003759,DEMAND_GEN
CA_Display_Remarketing_Septiembre2025_SG,2025-10-22,3430,18,2.302311,0,0.0052478134110787176,0.127906,DISPLAY
CA_AutoKM_Search_Leads_Octubre2025_SG_Diciembre_Febrero_Marzo,2025-10-22,672,30,9.473152,4,0.044642857142857144,0.315771,SEARCH
CA_Auto Moto_Search_Branding_Septiembre 2025_SG,2025-10-23,30,5,1.92707,0,0.16666666666666666,0.385414,SEARCH
CA_Auto Moto_DemandGen_Branding_Septiembre 2025_SG_Diciembre_MB,2025-10-23,18175,1305,4.660424,0,0.0718019257221458,0.003571,DEMAND_GEN
CA_Display_Remarketing_Septiembre2025_SG,2025-10-23,2974,21,2.273067,0,0.0070611970410221925,0.108241,DISPLAY
CA_AutoKM_Search_Leads_Octubre2025_SG_Diciembre_Febrero_Marzo,2025-10-23,1432,76,11.547775,0,0.05307262569832402,0.151944,SEARCH
CA_Auto Moto_Search_Branding_Septiembre 2025_SG,2025-10-24,3,2,1.9,0,0.6666666666666666,0.95,SEARCH
CA_Auto Moto_DemandGen_Branding_Septiembre 2025_SG_Diciembre_MB,2025-10-24,18687,1312,4.664824,0,0.07020923636752822,0.003555,DEMAND_GEN
CA_Display_Remarketing_Septiembre2025_SG,2025-10-24,3415,18,2.282208,0,0.005270863836017569,0.126789,DISPLAY
CA_AutoKM_Search_Leads_Octubre2025_SG_Diciembre_Febrero_Marzo,2025-10-24,128,23,3.078206,5.5626,0.1796875,0.133835,SEARCH
CA_Auto Moto_Search_Branding_Septiembre 2025_SG,2025-10-25,71,3,1.2,0,0.04225352112676056,0.4,SEARCH
CA_Auto Moto_DemandGen_Branding_Septiembre 2025_SG_Diciembre_MB,2025-10-25,18042,1272,4.664814,0,0.07050216162287995,0.003667,DEMAND_GEN
CA_Display_Remarketing_Septiembre2025_SG,2025-10-25,3243,16,2.299345,0,0.004933703361085414,0.143709,DISPLAY
CA_AutoKM_Search_Leads_Octubre2025_SG_Diciembre_Febrero_Marzo,2025-10-25,54,8,3.953773,2,0.14814814814814814,0.494221,SEARCH
CA_Auto Moto_Search_Branding_Septiembre 2025_SG,2025-10-26,47,3,0.3,0,0.06382978723404255,0.1,SEARCH
CA_Auto Moto_DemandGen_Branding_Septiembre 2025_SG_Diciembre_MB,2025-10-26,18245,1301,4.682964,0,0.07130720745409701,0.003599,DEMAND_GEN
CA_Display_Remarketing_Septiembre2025_SG,2025-10-26,3593,26,2.285367,0,0.007236292791539103,0.087898,DISPLAY
CA_AutoKM_Search_Leads_Octubre2025_SG_Diciembre_Febrero_Marzo,2025-10-26,56,7,5.164,1,0.125,0.737714,SEARCH
CA_Auto Moto_Search_Branding_Septiembre 2025_SG,2025-10-27,117,9,1.304,0,0.07692307692307693,0.144888,SEARCH
CA_Auto Moto_DemandGen_Branding_Septiembre 2025_SG_Diciembre_MB,2025-10-27,18810,1203,4.686308,0,0.06395534290271132,0.003895,DEMAND_GEN
CA_Display_Remarketing_Septiembre2025_SG,2025-10-27,3512,25,2.264412,0,0.0071184510250569474,0.090576,DISPLAY
CA_AutoKM_Search_Leads_Octubre2025_SG_Diciembre_Febrero_Marzo,2025-10-27,309,25,27.42,7,0.08090614886731391,1.0968,SEARCH
CA_Auto Moto_Search_Branding_Septiembre 2025_SG,2025-10-28,95,5,3.28,0,0.05263157894736842,0.656,SEARCH
CA_Auto Moto_DemandGen_Branding_Septiembre 2025_SG_Diciembre_MB,2025-10-28,18614,1221,4.712227,0,0.06559578811647147,0.003859,DEMAND_GEN
CA_Display_Remarketing_Septiembre2025_SG,2025-10-28,3549,18,2.166909,0,0.00507185122569738,0.120383,DISPLAY
CA_AutoKM_Search_Leads_Octubre2025_SG_Diciembre_Febrero_Marzo,2025-10-28,141,18,27.95,0,0.1276595744680851,1.552777,SEARCH
CA_Auto Moto_Search_Branding_Septiembre 2025_SG,2025-10-29,52,4,2.09,0,0.07692307692307693,0.5225,SEARCH
CA_Auto Moto_DemandGen_Branding_Septiembre 2025_SG_Diciembre_MB,2025-10-29,18050,1299,4.712387,0,0.07196675900277008,0.003627,DEMAND_GEN
CA_Display_Remarketing_Septiembre2025_SG,2025-10-29,3211,16,2.097882,0,0.004982871379632514,0.131117,DISPLAY
CA_AutoKM_Search_Leads_Octubre2025_SG_Diciembre_Febrero_Marzo,2025-10-29,149,17,27.78,2,0.11409395973154363,1.634117,SEARCH
CA_Auto Moto_Search_Branding_Septiembre 2025_SG,2025-10-30,40,2,1.45,0,0.05,0.725,SEARCH
CA_Auto Moto_DemandGen_Branding_Septiembre 2025_SG_Diciembre_MB,2025-10-30,17814,1137,4.729181,0,0.06382620410912765,0.004159,DEMAND_GEN
CA_Display_Remarketing_Septiembre2025_SG,2025-10-30,3380,14,2.160969,0,0.004142011834319527,0.154354,DISPLAY
CA_AutoKM_Search_Leads_Octubre2025_SG_Diciembre_Febrero_Marzo,2025-10-30,202,22,27.78,2.700699,0.10891089108910891,1.262727,SEARCH
CA_Auto Moto_Search_Branding_Septiembre 2025_SG,2025-10-31,39,1,0.81,0,0.02564102564102564,0.81,SEARCH
CA_Auto Moto_DemandGen_Branding_Septiembre 2025_SG_Diciembre_MB,2025-10-31,23229,1620,7.471569,0,0.06974041069352964,0.004612,DEMAND_GEN
CA_Display_Remarketing_Septiembre2025_SG,2025-10-31,3034,26,1.98515,0,0.008569545154911009,0.076351,DISPLAY
CA_AutoKM_Search_Leads_Octubre2025_SG_Diciembre_Febrero_Marzo,2025-10-31,290,21,22.134,0,0.07241379310344828,1.054,SEARCH
CA_Auto Moto_DemandGen_Branding_Septiembre 2025_SG_Diciembre_MB,2025-11-01,29077,2141,7.397362,0,0.0736320803384118,0.003455,DEMAND_GEN
CA_AutoKM_Search_Leads_Octubre2025_SG_Diciembre_Febrero_Marzo,2025-11-01,169,13,35.142366,0,0.07692307692307693,2.703258,SEARCH
CA_Auto Moto_DemandGen_Branding_Septiembre 2025_SG_Diciembre_MB,2025-11-02,27534,1999,7.404234,0,0.07260114767196921,0.003703,DEMAND_GEN
CA_AutoKM_Search_Leads_Octubre2025_SG_Diciembre_Febrero_Marzo,2025-11-02,321,18,32.381921,1,0.056074766355140186,1.798995,SEARCH
CA_Auto Moto_DemandGen_Branding_Septiembre 2025_SG_Diciembre_MB,2025-11-03,21556,1805,7.392234,0,0.08373538689923919,0.004095,DEMAND_GEN
CA_AutoKM_Search_Leads_Octubre2025_SG_Diciembre_Febrero_Marzo,2025-11-03,205,17,28.760703,3,0.08292682926829269,1.691806,SEARCH
CA_Auto Moto_DemandGen_Branding_Septiembre 2025_SG_Diciembre_MB,2025-11-04,18861,1769,7.363967,0,0.09379142145167277,0.004162,DEMAND_GEN
CA_AutoKM_Search_Leads_Octubre2025_SG_Diciembre_Febrero_Marzo,2025-11-04,198,24,28.68032,2,0.12121212121212122,1.195013,SEARCH
CA_Auto Moto_DemandGen_Branding_Septiembre 2025_SG_Diciembre_MB,2025-11-05,21466,1728,7.395041,0,0.08049939439113016,0.004279,DEMAND_GEN
CA_AutoKM_Search_Leads_Octubre2025_SG_Diciembre_Febrero_Marzo,2025-11-05,186,20,34.800709,8,0.10752688172043011,1.740035,SEARCH
CA_Auto Moto_DemandGen_Branding_Septiembre 2025_SG_Diciembre_MB,2025-11-06,20279,1751,7.387989,0,0.08634548054637803,0.004219,DEMAND_GEN
CA_AutoKM_Search_Leads_Octubre2025_SG_Diciembre_Febrero_Marzo,2025-11-06,193,20,30.066,2,0.10362694300518134,1.5033,SEARCH
CA_Auto Moto_DemandGen_Branding_Septiembre 2025_SG_Diciembre_MB,2025-11-07,14353,1862,7.374302,0,0.12972897652058804,0.00396,DEMAND_GEN
CA_AutoKM_Search_Leads_Octubre2025_SG_Diciembre_Febrero_Marzo,2025-11-07,234,27,31.286,3,0.11538461538461539,1.15874,SEARCH
CA_Auto Moto_DemandGen_Branding_Septiembre 2025_SG_Diciembre_MB,2025-11-08,15941,1923,7.384097,0,0.1206323317232294,0.003839,DEMAND_GEN
CA_AutoKM_Search_Leads_Octubre2025_SG_Diciembre_Febrero_Marzo,2025-11-08,216,19,17.25,0,0.08796296296296297,0.907894,SEARCH
CA_Auto Moto_DemandGen_Branding_Septiembre 2025_SG_Diciembre_MB,2025-11-09,15245,1948,7.360138,0,0.12777959986880943,0.003778,DEMAND_GEN
CA_AutoKM_Search_Leads_Octubre2025_SG_Diciembre_Febrero_Marzo,2025-11-09,190,8,22.978048,0,0.042105263157894736,2.872256,SEARCH
CA_Auto Moto_DemandGen_Branding_Septiembre 2025_SG_Diciembre_MB,2025-11-10,15074,1744,7.404786,0,0.11569590022555393,0.004245,DEMAND_GEN
CA_AutoKM_Search_Leads_Octubre2025_SG_Diciembre_Febrero_Marzo,2025-11-10,334,29,46.12,3.534154,0.08682634730538923,1.590344,SEARCH
CA_Auto Moto_DemandGen_Branding_Septiembre 2025_SG_Diciembre_MB,2025-11-11,12315,1789,7.350383,0,0.1452699959399107,0.004108,DEMAND_GEN
CA_AutoKM_Search_Leads_Octubre2025_SG_Diciembre_Febrero_Marzo,2025-11-11,246,25,31.059726,4,0.1016260162601626,1.242389,SEARCH
CA_AutoTradicional_PMax_Leads_Noviembre2025_MB,2025-11-11,1901,62,1.165077,0,0.03261441346659653,0.018791,PERFORMANCE_MAX
CA_AutoKM_PMax_Leads_Noviembre2025_S_Diciembre_MB_Febrero,2025-11-11,503,28,8.792264,0,0.055666003976143144,0.314009,PERFORMANCE_MAX
CA_Auto Moto_DemandGen_Branding_Septiembre 2025_SG_Diciembre_MB,2025-11-12,13277,1610,7.348758,0,0.1212623333584394,0.004564,DEMAND_GEN
CA_AutoKM_Search_Leads_Octubre2025_SG_Diciembre_Febrero_Marzo,2025-11-12,140,9,7.536,0,0.06428571428571428,0.837333,SEARCH
CA_AutoTradicional_PMax_Leads_Noviembre2025_MB,2025-11-12,10542,154,39.929256,0,0.014608233731739707,0.25928,PERFORMANCE_MAX
CA_AutoTradicional_Search_Leads_Noviembre2025_MB_Diciembre_Febrero_Marzo,2025-11-12,13,4,2.72,0,0.3076923076923077,0.68,SEARCH
CA_AutoKM_PMax_Leads_Noviembre2025_S_Diciembre_MB_Febrero,2025-11-12,14165,201,58.232851,2.520871,0.014189904694669962,0.289715,PERFORMANCE_MAX
CA_Auto Moto_DemandGen_Branding_Septiembre 2025_SG_Diciembre_MB,2025-11-13,13514,1535,7.37334,0,0.11358591090720734,0.004803,DEMAND_GEN
CA_AutoKM_Search_Leads_Octubre2025_SG_Diciembre_Febrero_Marzo,2025-11-13,339,23,29.624484,1.996664,0.06784660766961652,1.288021,SEARCH
CA_AutoTradicional_PMax_Leads_Noviembre2025_MB,2025-11-13,1887,15,16.769354,0,0.00794912559618442,1.117956,PERFORMANCE_MAX
CA_AutoTradicional_Search_Leads_Noviembre2025_MB_Diciembre_Febrero_Marzo,2025-11-13,35,3,6.44,0,0.08571428571428572,2.146666,SEARCH
CA_AutoKM_PMax_Leads_Noviembre2025_S_Diciembre_MB_Febrero,2025-11-13,6779,56,19.012614,0,0.008260805428529281,0.33951,PERFORMANCE_MAX
CA_Auto Moto_DemandGen_Branding_Septiembre 2025_SG_Diciembre_MB,2025-11-14,15563,1553,7.442858,0,0.09978795861980339,0.004792,DEMAND_GEN
CA_AutoKM_Search_Leads_Octubre2025_SG_Diciembre_Febrero_Marzo,2025-11-14,432,23,55.536897,0,0.05324074074074074,2.414647,SEARCH
CA_AutoTradicional_PMax_Leads_Noviembre2025_MB,2025-11-14,4136,22,7.429343,1,0.005319148936170213,0.337697,PERFORMANCE_MAX
CA_AutoTradicional_Search_Leads_Noviembre2025_MB_Diciembre_Febrero_Marzo,2025-11-14,48,1,6.61,0,0.020833333333333332,6.61,SEARCH
CA_AutoKM_PMax_Leads_Noviembre2025_S_Diciembre_MB_Febrero,2025-11-14,8832,100,19.525967,0,0.011322463768115942,0.195259,PERFORMANCE_MAX
CA_Auto Moto_DemandGen_Branding_Septiembre 2025_SG_Diciembre_MB,2025-11-15,14090,1672,7.436239,0,0.11866572036905607,0.004447,DEMAND_GEN
CA_AutoKM_Search_Leads_Octubre2025_SG_Diciembre_Febrero_Marzo,2025-11-15,233,9,19.636577,0,0.03862660944206009,2.181841,SEARCH
CA_AutoTradicional_PMax_Leads_Noviembre2025_MB,2025-11-15,11647,147,22.136361,0,0.012621275865029622,0.150587,PERFORMANCE_MAX
CA_AutoTradicional_Search_Leads_Noviembre2025_MB_Diciembre_Febrero_Marzo,2025-11-15,85,6,10.35,0,0.07058823529411765,1.725,SEARCH
CA_AutoKM_PMax_Leads_Noviembre2025_S_Diciembre_MB_Febrero,2025-11-15,7584,54,30.820662,0,0.007120253164556962,0.570753,PERFORMANCE_MAX
CA_Auto Moto_DemandGen_Branding_Septiembre 2025_SG_Diciembre_MB,2025-11-16,13629,1482,7.353243,0,0.10873871890821044,0.004961,DEMAND_GEN
CA_AutoKM_Search_Leads_Octubre2025_SG_Diciembre_Febrero_Marzo,2025-11-16,225,11,6.684,1,0.04888888888888889,0.607636,SEARCH
CA_AutoTradicional_PMax_Leads_Noviembre2025_MB,2025-11-16,15759,183,11.672052,0,0.01161241195507329,0.063781,PERFORMANCE_MAX
CA_AutoTradicional_Search_Leads_Noviembre2025_MB_Diciembre_Febrero_Marzo,2025-11-16,89,2,0.02,0,0.02247191011235955,0.01,SEARCH
CA_AutoKM_PMax_Leads_Noviembre2025_S_Diciembre_MB_Febrero,2025-11-16,7174,59,27.109092,1,0.008224142737663786,0.459476,PERFORMANCE_MAX
CA_Auto Moto_DemandGen_Branding_Septiembre 2025_SG_Diciembre_MB,2025-11-17,14057,1634,7.306331,0,0.11624101870953973,0.004471,DEMAND_GEN
CA_AutoKM_Search_Leads_Octubre2025_SG_Diciembre_Febrero_Marzo,2025-11-17,345,25,57.998088,1.077514,0.07246376811594203,2.319923,SEARCH
CA_AutoTradicional_PMax_Leads_Noviembre2025_MB,2025-11-17,32349,372,20.987045,0.987163,0.01149958267643513,0.056416,PERFORMANCE_MAX
CA_AutoTradicional_Search_Leads_Noviembre2025_MB_Diciembre_Febrero_Marzo,2025-11-17,289,8,39.21,0,0.02768166089965398,4.90125,SEARCH
CA_AutoKM_PMax_Leads_Noviembre2025_S_Diciembre_MB_Febrero,2025-11-17,6319,58,30.660381,7,0.00917866751068207,0.528627,PERFORMANCE_MAX
CA_Auto Moto_DemandGen_Branding_Septiembre 2025_SG_Diciembre_MB,2025-11-18,14885,1981,7.428509,0,0.13308700033590865,0.003749,DEMAND_GEN
CA_AutoKM_Search_Leads_Octubre2025_SG_Diciembre_Febrero_Marzo,2025-11-18,237,25,30.301007,0.854754,0.10548523206751055,1.21204,SEARCH
CA_AutoTradicional_PMax_Leads_Noviembre2025_MB,2025-11-18,8741,108,12.063615,2,0.012355565724745452,0.1117,PERFORMANCE_MAX
CA_AutoTradicional_Search_Leads_Noviembre2025_MB_Diciembre_Febrero_Marzo,2025-11-18,555,24,88.146376,2,0.043243243243243246,3.672765,SEARCH
CA_AutoKM_PMax_Leads_Noviembre2025_S_Diciembre_MB_Febrero,2025-11-18,3288,31,21.274086,0,0.009428223844282239,0.68626,PERFORMANCE_MAX
CA_Auto Moto_DemandGen_Branding_Septiembre 2025_SG_Diciembre_MB,2025-11-19,16938,2096,7.393394,0,0.12374542448931397,0.003527,DEMAND_GEN
CA_AutoKM_Search_Leads_Octubre2025_SG_Diciembre_Febrero_Marzo,2025-11-19,330,18,28.113255,5,0.05454545454545454,1.561847,SEARCH
CA_AutoTradicional_PMax_Leads_Noviembre2025_MB,2025-11-19,12370,105,17.280523,0,0.008488278092158448,0.164576,PERFORMANCE_MAX
CA_AutoTradicional_Search_Leads_Noviembre2025_MB_Diciembre_Febrero_Marzo,2025-11-19,522,28,99.98759,4,0.05363984674329502,3.570985,SEARCH
CA_AutoKM_PMax_Leads_Noviembre2025_S_Diciembre_MB_Febrero,2025-11-19,6336,83,27.167451,2,0.013099747474747474,0.327318,PERFORMANCE_MAX
CA_Auto Moto_DemandGen_Branding_Septiembre 2025_SG_Diciembre_MB,2025-11-20,15095,1882,7.395612,0,0.12467704537926466,0.003929,DEMAND_GEN
CA_AutoKM_Search_Leads_Octubre2025_SG_Diciembre_Febrero_Marzo,2025-11-20,181,11,29.226608,4,0.06077348066298342,2.656964,SEARCH
CA_AutoTradicional_Search_Leads_Noviembre2025_MB_Diciembre_Febrero_Marzo,2025-11-20,456,23,99.342768,3,0.05043859649122807,4.31925,SEARCH
CA_AutoKM_PMax_Leads_Noviembre2025_S_Diciembre_MB_Febrero,2025-11-20,6082,63,28.581788,10.120952,0.01035843472541927,0.453679,PERFORMANCE_MAX
CA_Auto Moto_DemandGen_Branding_Septiembre 2025_SG_Diciembre_MB,2025-11-21,37336,3347,17.362389,0,0.08964538247268053,0.005187,DEMAND_GEN
CA_AutoKM_Search_Leads_Octubre2025_SG_Diciembre_Febrero_Marzo,2025-11-21,291,21,62.15,12.139002,0.07216494845360824,2.959523,SEARCH
CA_AutoTradicional_Search_Leads_Noviembre2025_MB_Diciembre_Febrero_Marzo,2025-11-21,287,14,83.48,1,0.04878048780487805,5.962857,SEARCH
CA_AutoKM_PMax_Leads_Noviembre2025_S_Diciembre_MB_Febrero,2025-11-21,9380,54,16.451881,2,0.005756929637526652,0.304664,PERFORMANCE_MAX
CA_BlackWeek_DemandGen_Noviembre2025_MB,2025-11-21,11962,185,20.095276,0,0.015465641197124227,0.108623,DEMAND_GEN
CA_Planes_Search_Noviembre2025_MB_Diciembre_Febrero_Marzo,2025-11-21,2,0,0.0,0,0,0.0,SEARCH
CA_Auto Moto_DemandGen_Branding_Septiembre 2025_SG_Diciembre_MB,2025-11-22,38655,3532,17.36033,0,0.09137239684387531,0.004915,DEMAND_GEN
CA_AutoKM_Search_Leads_Octubre2025_SG_Diciembre_Febrero_Marzo,2025-11-22,222,14,46.33,6,0.06306306306306306,3.309285,SEARCH
CA_AutoTradicional_Search_Leads_Noviembre2025_MB_Diciembre_Febrero_Marzo,2025-11-22,251,18,93.37,1.948154,0.07171314741035857,5.187222,SEARCH
CA_AutoKM_PMax_Leads_Noviembre2025_S_Diciembre_MB_Febrero,2025-11-22,8756,118,51.89029,17.5,0.01347647327546825,0.439748,PERFORMANCE_MAX
CA_BlackWeek_DemandGen_Noviembre2025_MB,2025-11-22,9224,113,20.233404,1,0.012250650477016478,0.179056,DEMAND_GEN
CA_Planes_Search_Noviembre2025_MB_Diciembre_Febrero_Marzo,2025-11-22,254,16,15.41,2,0.06299212598425197,0.963125,SEARCH
CA_Auto Moto_DemandGen_Branding_Septiembre 2025_SG_Diciembre_MB,2025-11-23,39594,3535,17.312714,1.003477,0.08928120422286205,0.004897,DEMAND_GEN
CA_AutoKM_Search_Leads_Octubre2025_SG_Diciembre_Febrero_Marzo,2025-11-23,391,18,138.65586,4,0.04603580562659847,7.703103,SEARCH
CA_AutoTradicional_Search_Leads_Noviembre2025_MB_Diciembre_Febrero_Marzo,2025-11-23,112,11,69.66,0,0.09821428571428571,6.332727,SEARCH
CA_AutoKM_PMax_Leads_Noviembre2025_S_Diciembre_MB_Febrero,2025-11-23,7977,74,35.02782,6.5,0.009276670427479003,0.473348,PERFORMANCE_MAX
CA_BlackWeek_DemandGen_Noviembre2025_MB,2025-11-23,5537,69,14.434021,0,0.01246162181686834,0.209188,DEMAND_GEN
CA_Planes_Search_Noviembre2025_MB_Diciembre_Febrero_Marzo,2025-11-23,1074,52,96.354714,7.581408,0.048417132216014895,1.852975,SEARCH
CA_Auto Moto_DemandGen_Branding_Septiembre 2025_SG_Diciembre_MB,2025-11-24,37860,3417,17.378654,0.996523,0.09025356576862123,0.005085,DEMAND_GEN
CA_AutoKM_Search_Leads_Octubre2025_SG_Diciembre_Febrero_Marzo,2025-11-24,356,34,126.869316,9.572402,0.09550561797752809,3.73145,SEARCH
CA_AutoTradicional_Search_Leads_Noviembre2025_MB_Diciembre_Febrero_Marzo,2025-11-24,118,9,77.53,3,0.07627118644067797,8.614444,SEARCH
CA_AutoKM_PMax_Leads_Noviembre2025_S_Diciembre_MB_Febrero,2025-11-24,2664,119,63.485782,52,0.04466966966966967,0.533493,PERFORMANCE_MAX
CA_BlackWeek_DemandGen_Noviembre2025_MB,2025-11-24,14697,587,49.014386,0.048407,0.03994012383479622,0.083499,DEMAND_GEN
CA_Planes_Search_Noviembre2025_MB_Diciembre_Febrero_Marzo,2025-11-24,1008,35,164.775395,0,0.034722222222222224,4.707868,SEARCH
CA_Auto Moto_DemandGen_Branding_Septiembre 2025_SG_Diciembre_MB,2025-11-25,44480,3550,17.618951,0,0.0798111510791367,0.004963,DEMAND_GEN
CA_AutoKM_Search_Leads_Octubre2025_SG_Diciembre_Febrero_Marzo,2025-11-25,652,141,118.548127,22,0.21625766871165644,0.840766,SEARCH
CA_AutoTradicional_Search_Leads_Noviembre2025_MB_Diciembre_Febrero_Marzo,2025-11-25,158,13,69.91,1,0.08227848101265822,5.377692,SEARCH
CA_AutoKM_PMax_Leads_Noviembre2025_S_Diciembre_MB_Febrero,2025-11-25,1992,257,56.692359,45,0.1290160642570281,0.220592,PERFORMANCE_MAX
CA_BlackWeek_DemandGen_Noviembre2025_MB,2025-11-25,29019,911,87.579528,10.000008,0.03139322512836418,0.096135,DEMAND_GEN
CA_Planes_Search_Noviembre2025_MB_Diciembre_Febrero_Marzo,2025-11-25,335,33,113.17,2,0.09850746268656717,3.429393,SEARCH
CA_Auto Moto_DemandGen_Branding_Septiembre 2025_SG_Diciembre_MB,2025-11-26,31755,2215,12.48694,1,0.06975279483545899,0.005637,DEMAND_GEN
CA_AutoKM_Search_Leads_Octubre2025_SG_Diciembre_Febrero_Marzo,2025-11-26,740,108,119.038357,15.572402,0.14594594594594595,1.102207,SEARCH
CA_AutoTradicional_Search_Leads_Noviembre2025_MB_Diciembre_Febrero_Marzo,2025-11-26,180,22,72.2424,0,0.12222222222222222,3.283745,SEARCH
CA_AutoKM_PMax_Leads_Noviembre2025_S_Diciembre_MB_Febrero,2025-11-26,1998,368,85.00094,69.308793,0.1841841841841842,0.23098,PERFORMANCE_MAX
CA_BlackWeek_DemandGen_Noviembre2025_MB,2025-11-26,18003,594,87.796278,51.738046,0.032994500916513916,0.147805,DEMAND_GEN
CA_Planes_Search_Noviembre2025_MB_Diciembre_Febrero_Marzo,2025-11-26,302,66,81.105992,16.99919,0.2185430463576159,1.228878,SEARCH
CA_Auto Moto_DemandGen_Branding_Septiembre 2025_SG_Diciembre_MB,2025-11-27,509,46,0.165682,0,0.09037328094302555,0.003601,DEMAND_GEN
CA_AutoKM_Search_Leads_Octubre2025_SG_Diciembre_Febrero_Marzo,2025-11-27,880,284,98.359604,55.090708,0.32272727272727275,0.346336,SEARCH
CA_AutoKM_PMax_Leads_Noviembre2025_S_Diciembre_MB_Febrero,2025-11-27,2827,502,85.088438,92.564536,0.17757339936328262,0.169498,PERFORMANCE_MAX
CA_BlackWeek_DemandGen_Noviembre2025_MB,2025-11-27,41849,918,108.656824,34.263609,0.021936008028865684,0.118362,DEMAND_GEN
CA_Auto Moto_DemandGen_Branding_Septiembre 2025_SG_Diciembre_MB,2025-11-28,851,56,0.228432,0,0.06580493537015276,0.004079,DEMAND_GEN
CA_AutoKM_Search_Leads_Octubre2025_SG_Diciembre_Febrero_Marzo,2025-11-28,1088,205,94.871487,37.312004,0.18841911764705882,0.462787,SEARCH
CA_AutoKM_PMax_Leads_Noviembre2025_S_Diciembre_MB_Febrero,2025-11-28,2217,254,25.891213,53,0.11456923770861524,0.101933,PERFORMANCE_MAX
CA_BlackWeek_DemandGen_Noviembre2025_MB,2025-11-28,6320,167,115.729873,4,0.02642405063291139,0.692993,DEMAND_GEN
CA_Auto Moto_DemandGen_Branding_Septiembre 2025_SG_Diciembre_MB,2025-11-29,1005,72,0.28214,0,0.07164179104477612,0.003918,DEMAND_GEN
CA_AutoKM_Search_Leads_Octubre2025_SG_Diciembre_Febrero_Marzo,2025-11-29,757,202,28.078608,109,0.2668428005284016,0.139003,SEARCH
CA_AutoKM_PMax_Leads_Noviembre2025_S_Diciembre_MB_Febrero,2025-11-29,1874,319,24.974838,51.022651,0.17022411953041622,0.078291,PERFORMANCE_MAX
CA_Auto Moto_DemandGen_Branding_Septiembre 2025_SG_Diciembre_MB,2025-11-30,1356,93,0.387805,0,0.06858407079646017,0.004169,DEMAND_GEN
CA_AutoKM_Search_Leads_Octubre2025_SG_Diciembre_Febrero_Marzo,2025-11-30,564,160,22.429939,28,0.28368794326241137,0.140187,SEARCH
CA_AutoKM_PMax_Leads_Noviembre2025_S_Diciembre_MB_Febrero,2025-11-30,2220,381,24.926314,59.020708,0.17162162162162162,0.065423,PERFORMANCE_MAX
CA_Auto Moto_DemandGen_Branding_Septiembre 2025_SG_Diciembre_MB,2025-12-01,23233,2123,10.389793,1,0.09137864244824173,0.004893,DEMAND_GEN
CA_AutoKM_Search_Leads_Octubre2025_SG_Diciembre_Febrero_Marzo,2025-12-01,541,72,45.346194,14.951022,0.133086876155268,0.629808,SEARCH
CA_AutoTradicional_Search_Leads_Noviembre2025_MB_Diciembre_Febrero_Marzo,2025-12-01,20,1,1.81,0,0.05,1.81,SEARCH
CA_AutoKM_PMax_Leads_Noviembre2025_S_Diciembre_MB_Febrero,2025-12-01,4540,489,6.694952,60.576662,0.10770925110132158,0.013691,PERFORMANCE_MAX
CA_Planes_Search_Noviembre2025_MB_Diciembre_Febrero_Marzo,2025-12-01,179,8,26.56,0,0.0446927374301676,3.32,SEARCH
CA_Auto Moto_DemandGen_Branding_Septiembre 2025_SG_Diciembre_MB,2025-12-02,28983,2558,10.484706,1.002077,0.08825863437187317,0.004098,DEMAND_GEN
CA_AutoKM_Search_Leads_Octubre2025_SG_Diciembre_Febrero_Marzo,2025-12-02,300,155,38.668183,39,0.5166666666666667,0.249472,SEARCH
CA_AutoTradicional_Search_Leads_Noviembre2025_MB_Diciembre_Febrero_Marzo,2025-12-02,150,18,64.38,2.576662,0.12,3.576666,SEARCH
CA_AutoKM_PMax_Leads_Noviembre2025_S_Diciembre_MB_Febrero,2025-12-02,5044,659,37.291516,132.999354,0.13065027755749406,0.056588,PERFORMANCE_MAX
CA_Planes_Search_Noviembre2025_MB_Diciembre_Febrero_Marzo,2025-12-02,573,101,24.095633,8,0.1762652705061082,0.23857,SEARCH
CA_Auto Moto_DemandGen_Branding_Septiembre 2025_SG_Diciembre_MB,2025-12-03,31789,2515,10.500853,0,0.07911541728270785,0.004175,DEMAND_GEN
CA_AutoKM_Search_Leads_Octubre2025_SG_Diciembre_Febrero_Marzo,2025-12-03,347,135,39.538656,27,0.38904899135446686,0.292878,SEARCH
CA_AutoTradicional_Search_Leads_Noviembre2025_MB_Diciembre_Febrero_Marzo,2025-12-03,168,10,35.79,0,0.05952380952380952,3.579,SEARCH
CA_AutoKM_PMax_Leads_Noviembre2025_S_Diciembre_MB_Febrero,2025-12-03,12338,1352,27.337688,358.999935,0.10958015885881019,0.02022,PERFORMANCE_MAX
CA_Planes_Search_Noviembre2025_MB_Diciembre_Febrero_Marzo,2025-12-03,526,52,25.423874,3.016749,0.09885931558935361,0.48892,SEARCH
CA_Auto Moto_DemandGen_Branding_Septiembre 2025_SG_Diciembre_MB,2025-12-04,28299,2491,10.425206,1,0.08802431181313827,0.004185,DEMAND_GEN
CA_AutoKM_Search_Leads_Octubre2025_SG_Diciembre_Febrero_Marzo,2025-12-04,437,226,42.4,62,0.517162471395881,0.18761,SEARCH
CA_AutoTradicional_Search_Leads_Noviembre2025_MB_Diciembre_Febrero_Marzo,2025-12-04,100,14,31.869203,0,0.14,2.276371,SEARCH
CA_AutoKM_PMax_Leads_Noviembre2025_S_Diciembre_MB_Febrero,2025-12-04,10391,1294,26.283275,322.953424,0.12453084399961505,0.020311,PERFORMANCE_MAX
CA_Planes_Search_Noviembre2025_MB_Diciembre_Febrero_Marzo,2025-12-04,347,137,25.826319,8,0.39481268011527376,0.188513,SEARCH
CA_Auto Moto_DemandGen_Branding_Septiembre 2025_SG_Diciembre_MB,2025-12-05,29662,2516,10.475747,0.363636,0.08482233160272402,0.004163,DEMAND_GEN
CA_AutoKM_Search_Leads_Octubre2025_SG_Diciembre_Febrero_Marzo,2025-12-05,386,185,45.368836,44,0.4792746113989637,0.245236,SEARCH
CA_AutoTradicional_Search_Leads_Noviembre2025_MB_Diciembre_Febrero_Marzo,2025-12-05,86,10,32.28108,0,0.11627906976744186,3.228108,SEARCH
CA_AutoKM_PMax_Leads_Noviembre2025_S_Diciembre_MB_Febrero,2025-12-05,12602,1649,26.127642,741.304355,0.13085224567528964,0.015844,PERFORMANCE_MAX
CA_Planes_Search_Noviembre2025_MB_Diciembre_Febrero_Marzo,2025-12-05,196,64,30.133345,7.996783,0.32653061224489793,0.470833,SEARCH
CA_Auto Moto_DemandGen_Branding_Septiembre 2025_SG_Diciembre_MB,2025-12-06,27996,2306,10.435183,0.636364,0.08236890984426347,0.004525,DEMAND_GEN
CA_AutoKM_Search_Leads_Octubre2025_SG_Diciembre_Febrero_Marzo,2025-12-06,2173,172,48.54344,21.000139,0.07915324436263231,0.282229,SEARCH
CA_AutoTradicional_Search_Leads_Noviembre2025_MB_Diciembre_Febrero_Marzo,2025-12-06,184,14,38.77,0,0.07608695652173914,2.769285,SEARCH
CA_AutoKM_PMax_Leads_Noviembre2025_S_Diciembre_MB_Febrero,2025-12-06,11744,1443,27.92771,394.06731,0.12287125340599456,0.019353,PERFORMANCE_MAX
CA_Planes_Search_Noviembre2025_MB_Diciembre_Febrero_Marzo,2025-12-06,255,98,30.885537,2.206048,0.3843137254901961,0.315158,SEARCH
CA_Auto Moto_DemandGen_Branding_Septiembre 2025_SG_Diciembre_MB,2025-12-07,29094,2334,10.504931,0,0.08022272633532687,0.0045,DEMAND_GEN
CA_AutoKM_Search_Leads_Octubre2025_SG_Diciembre_Febrero_Marzo,2025-12-07,1946,116,45.526389,25.055786,0.05960945529290853,0.392468,SEARCH
CA_AutoTradicional_Search_Leads_Noviembre2025_MB_Diciembre_Febrero_Marzo,2025-12-07,172,11,38.581042,0,0.06395348837209303,3.507367,SEARCH
CA_AutoKM_PMax_Leads_Noviembre2025_S_Diciembre_MB_Febrero,2025-12-07,9590,1344,23.177528,841.187742,0.14014598540145987,0.017245,PERFORMANCE_MAX
CA_Planes_Search_Noviembre2025_MB_Diciembre_Febrero_Marzo,2025-12-07,228,18,34.943115,2.500533,0.07894736842105263,1.941284,SEARCH
CA_Auto Moto_DemandGen_Branding_Septiembre 2025_SG_Diciembre_MB,2025-12-08,29673,2488,10.519752,0,0.08384726856064435,0.004228,DEMAND_GEN
CA_AutoKM_Search_Leads_Octubre2025_SG_Diciembre_Febrero_Marzo,2025-12-08,1554,106,36.59069,16.17918,0.0682110682110682,0.345195,SEARCH
CA_AutoTradicional_Search_Leads_Noviembre2025_MB_Diciembre_Febrero_Marzo,2025-12-08,106,12,31.59,6.761904,0.11320754716981132,2.6325,SEARCH
CA_AutoKM_PMax_Leads_Noviembre2025_S_Diciembre_MB_Febrero,2025-12-08,79,12,1.44,3,0.1518987341772152,0.12,PERFORMANCE_MAX
CA_Planes_Search_Noviembre2025_MB_Diciembre_Febrero_Marzo,2025-12-08,393,23,21.072581,1,0.058524173027989825,0.916199,SEARCH
CA_Auto Moto_DemandGen_Branding_Septiembre 2025_SG_Diciembre_MB,2025-12-09,32428,2500,10.432891,0,0.07709386949549772,0.004173,DEMAND_GEN
CA_AutoKM_Search_Leads_Octubre2025_SG_Diciembre_Febrero_Marzo,2025-12-09,2158,110,45.692234,18.900168,0.05097312326227989,0.415383,SEARCH
CA_AutoTradicional_Search_Leads_Noviembre2025_MB_Diciembre_Febrero_Marzo,2025-12-09,168,13,31.52,4,0.07738095238095238,2.424615,SEARCH
CA_AutoKM_PMax_Leads_Noviembre2025_S_Diciembre_MB_Febrero,2025-12-09,528,36,28.210407,5,0.06818181818181818,0.783622,PERFORMANCE_MAX
CA_Planes_Search_Noviembre2025_MB_Diciembre_Febrero_Marzo,2025-12-09,442,32,29.247177,4,0.07239819004524888,0.913974,SEARCH
CA_Auto Moto_DemandGen_Branding_Septiembre 2025_SG_Diciembre_MB,2025-12-10,29638,2476,10.480374,0,0.08354139955462582,0.004232,DEMAND_GEN
CA_AutoKM_Search_Leads_Octubre2025_SG_Diciembre_Febrero_Marzo,2025-12-10,2373,117,26.871233,12,0.0493046776232617,0.229668,SEARCH
CA_AutoTradicional_Search_Leads_Noviembre2025_MB_Diciembre_Febrero_Marzo,2025-12-10,112,11,30.03,0,0.09821428571428571,2.73,SEARCH
CA_AutoKM_PMax_Leads_Noviembre2025_S_Diciembre_MB_Febrero,2025-12-10,1417,58,33.94899,3.953161,0.040931545518701484,0.585327,PERFORMANCE_MAX
CA_Planes_Search_Noviembre2025_MB_Diciembre_Febrero_Marzo,2025-12-10,694,41,28.943429,2.277356,0.059077809798270896,0.705937,SEARCH
CA_Auto Moto_DemandGen_Branding_Septiembre 2025_SG_Diciembre_MB,2025-12-11,29900,2406,10.463672,0,0.08046822742474917,0.004348,DEMAND_GEN
CA_AutoKM_Search_Leads_Octubre2025_SG_Diciembre_Febrero_Marzo,2025-12-11,1301,80,25.163202,23.99235,0.061491160645657184,0.31454,SEARCH
CA_AutoTradicional_Search_Leads_Noviembre2025_MB_Diciembre_Febrero_Marzo,2025-12-11,106,13,28.96,1,0.12264150943396226,2.227692,SEARCH
CA_AutoKM_PMax_Leads_Noviembre2025_S_Diciembre_MB_Febrero,2025-12-11,1230,67,46.269642,13.371925,0.05447154471544716,0.690591,PERFORMANCE_MAX
CA_Planes_Search_Noviembre2025_MB_Diciembre_Febrero_Marzo,2025-12-11,1358,60,28.390015,2,0.044182621502209134,0.473166,SEARCH
CA_Auto Moto_DemandGen_Branding_Septiembre 2025_SG_Diciembre_MB,2025-12-12,34497,2281,10.482069,0,0.06612169174131084,0.004595,DEMAND_GEN
CA_AutoKM_Search_Leads_Octubre2025_SG_Diciembre_Febrero_Marzo,2025-12-12,1218,113,28.644148,27.001089,0.09277504105090312,0.253488,SEARCH
CA_AutoTradicional_Search_Leads_Noviembre2025_MB_Diciembre_Febrero_Marzo,2025-12-12,91,16,32.22,3,0.17582417582417584,2.01375,SEARCH
CA_AutoKM_PMax_Leads_Noviembre2025_S_Diciembre_MB_Febrero,2025-12-12,735,48,24.275735,10,0.0653061224489796,0.505744,PERFORMANCE_MAX
CA_Planes_Search_Noviembre2025_MB_Diciembre_Febrero_Marzo,2025-12-12,743,53,23.538904,4.500001,0.07133243606998654,0.44413,SEARCH
CA_Auto Moto_DemandGen_Branding_Septiembre 2025_SG_Diciembre_MB,2025-12-13,35979,2278,10.47717,0.016354,0.0633147113594041,0.004599,DEMAND_GEN
CA_AutoKM_Search_Leads_Octubre2025_SG_Diciembre_Febrero_Marzo,2025-12-13,800,70,24.037465,13.587659,0.0875,0.343392,SEARCH
CA_AutoTradicional_Search_Leads_Noviembre2025_MB_Diciembre_Febrero_Marzo,2025-12-13,131,11,36.530111,0,0.08396946564885496,3.320919,SEARCH
CA_AutoKM_PMax_Leads_Noviembre2025_S_Diciembre_MB_Febrero,2025-12-13,2183,66,25.113422,8,0.030233623453962438,0.380506,PERFORMANCE_MAX
CA_Planes_Search_Noviembre2025_MB_Diciembre_Febrero_Marzo,2025-12-13,567,44,28.015834,2.000141,0.07760141093474426,0.636723,SEARCH
CA_Auto Moto_DemandGen_Branding_Septiembre 2025_SG_Diciembre_MB,2025-12-14,36144,2298,10.478132,1.008984,0.06357901726427623,0.004559,DEMAND_GEN
CA_AutoKM_Search_Leads_Octubre2025_SG_Diciembre_Febrero_Marzo,2025-12-14,562,61,21.423101,11.411737,0.10854092526690391,0.351198,SEARCH
CA_AutoTradicional_Search_Leads_Noviembre2025_MB_Diciembre_Febrero_Marzo,2025-12-14,157,12,29.221262,1,0.07643312101910828,2.435105,SEARCH
CA_AutoKM_PMax_Leads_Noviembre2025_S_Diciembre_MB_Febrero,2025-12-14,1915,73,30.196724,5.005971,0.0381201044386423,0.413653,PERFORMANCE_MAX
CA_Planes_Search_Noviembre2025_MB_Diciembre_Febrero_Marzo,2025-12-14,1108,77,12.916721,3,0.06949458483754513,0.167749,SEARCH
CA_Auto Moto_DemandGen_Branding_Septiembre 2025_SG_Diciembre_MB,2025-12-15,35164,2317,10.500631,0,0.0658912524172449,0.004531,DEMAND_GEN
CA_AutoKM_Search_Leads_Octubre2025_SG_Diciembre_Febrero_Marzo,2025-12-15,776,67,23.667264,16.002186,0.08634020618556701,0.353242,SEARCH
CA_AutoTradicional_Search_Leads_Noviembre2025_MB_Diciembre_Febrero_Marzo,2025-12-15,169,10,29.94,2,0.05917159763313609,2.994,SEARCH
CA_AutoKM_PMax_Leads_Noviembre2025_S_Diciembre_MB_Febrero,2025-12-15,783,41,23.621233,4,0.05236270753512133,0.576127,PERFORMANCE_MAX
CA_Planes_Search_Noviembre2025_MB_Diciembre_Febrero_Marzo,2025-12-15,1122,87,24.038475,7.279034,0.07754010695187166,0.276304,SEARCH
CA_Auto Moto_DemandGen_Branding_Septiembre 2025_SG_Diciembre_MB,2025-12-16,35764,2392,10.45519,0,0.06688289900458562,0.00437,DEMAND_GEN
CA_AutoKM_Search_Leads_Octubre2025_SG_Diciembre_Febrero_Marzo,2025-12-16,1410,103,29.508848,17.000429,0.07304964539007092,0.286493,SEARCH
CA_AutoTradicional_Search_Leads_Noviembre2025_MB_Diciembre_Febrero_Marzo,2025-12-16,322,13,15.566408,1,0.040372670807453416,1.197416,SEARCH
CA_AutoKM_PMax_Leads_Noviembre2025_S_Diciembre_MB_Febrero,2025-12-16,2475,105,37.189081,14.000542,0.04242424242424243,0.354181,PERFORMANCE_MAX
CA_Planes_Search_Noviembre2025_MB_Diciembre_Febrero_Marzo,2025-12-16,757,64,17.260804,5,0.0845442536327609,0.2697,SEARCH
CA_Auto Moto_DemandGen_Branding_Septiembre 2025_SG_Diciembre_MB,2025-12-17,34067,2195,10.45051,1.000075,0.06443185487421846,0.004761,DEMAND_GEN
CA_AutoKM_Search_Leads_Octubre2025_SG_Diciembre_Febrero_Marzo,2025-12-17,1309,132,29.165887,17.000045,0.10084033613445378,0.220953,SEARCH
CA_AutoTradicional_Search_Leads_Noviembre2025_MB_Diciembre_Febrero_Marzo,2025-12-17,81,11,32.279623,2,0.13580246913580246,2.934511,SEARCH
CA_AutoKM_PMax_Leads_Noviembre2025_S_Diciembre_MB_Febrero,2025-12-17,2211,128,34.600274,10.006032,0.05789235639981909,0.270314,PERFORMANCE_MAX
CA_Planes_Search_Noviembre2025_MB_Diciembre_Febrero_Marzo,2025-12-17,1071,86,23.056675,3,0.08029878618113913,0.2681,SEARCH
CA_Auto Moto_DemandGen_Branding_Septiembre 2025_SG_Diciembre_MB,2025-12-18,31440,2394,10.502091,0,0.07614503816793892,0.004386,DEMAND_GEN
CA_AutoKM_Search_Leads_Octubre2025_SG_Diciembre_Febrero_Marzo,2025-12-18,2490,144,29.105218,23.001126,0.05783132530120482,0.202119,SEARCH
CA_AutoTradicional_Search_Leads_Noviembre2025_MB_Diciembre_Febrero_Marzo,2025-12-18,117,12,26.69,3,0.10256410256410256,2.224166,SEARCH
CA_AutoKM_PMax_Leads_Noviembre2025_S_Diciembre_MB_Febrero,2025-12-18,1625,70,36.324074,6.998102,0.043076923076923075,0.518915,PERFORMANCE_MAX
CA_Planes_Search_Noviembre2025_MB_Diciembre_Febrero_Marzo,2025-12-18,1613,104,15.550636,5,0.06447613143211407,0.149525,SEARCH
CA_Auto Moto_DemandGen_Branding_Septiembre 2025_SG_Diciembre_MB,2025-12-19,31034,2406,10.515701,0,0.07752787265579687,0.00437,DEMAND_GEN
CA_AutoKM_Search_Leads_Octubre2025_SG_Diciembre_Febrero_Marzo,2025-12-19,1427,118,28.326563,25.000842,0.08269096005606166,0.240055,SEARCH
CA_AutoTradicional_Search_Leads_Noviembre2025_MB_Diciembre_Febrero_Marzo,2025-12-19,257,13,26.360922,0,0.05058365758754864,2.027763,SEARCH
CA_AutoKM_PMax_Leads_Noviembre2025_S_Diciembre_MB_Febrero,2025-12-19,3047,112,29.563667,10,0.03675746636035445,0.263961,PERFORMANCE_MAX
CA_Planes_Search_Noviembre2025_MB_Diciembre_Febrero_Marzo,2025-12-19,1040,63,23.108213,2,0.06057692307692308,0.366797,SEARCH
CA_Auto Moto_DemandGen_Branding_Septiembre 2025_SG_Diciembre_MB,2025-12-20,30220,2329,10.440742,0,0.0770681667769689,0.004482,DEMAND_GEN
CA_AutoKM_Search_Leads_Octubre2025_SG_Diciembre_Febrero_Marzo,2025-12-20,1297,110,29.864842,17.998092,0.08481110254433308,0.271498,SEARCH
CA_AutoTradicional_Search_Leads_Noviembre2025_MB_Diciembre_Febrero_Marzo,2025-12-20,147,9,14.455669,0,0.061224489795918366,1.606185,SEARCH
CA_AutoKM_PMax_Leads_Noviembre2025_S_Diciembre_MB_Febrero,2025-12-20,7245,217,47.496206,14.002781,0.02995169082125604,0.218876,PERFORMANCE_MAX
CA_Planes_Search_Noviembre2025_MB_Diciembre_Febrero_Marzo,2025-12-20,1466,113,9.350401,2.000833,0.07708049113233288,0.082746,SEARCH
CA_Auto Moto_DemandGen_Branding_Septiembre 2025_SG_Diciembre_MB,2025-12-21,30423,2410,10.506153,0,0.07921638234230681,0.004359,DEMAND_GEN
CA_AutoKM_Search_Leads_Octubre2025_SG_Diciembre_Febrero_Marzo,2025-12-21,2130,97,27.727403,15.001642,0.045539906103286384,0.285849,SEARCH
CA_AutoTradicional_Search_Leads_Noviembre2025_MB_Diciembre_Febrero_Marzo,2025-12-21,151,7,12.61,1,0.046357615894039736,1.801428,SEARCH
CA_AutoKM_PMax_Leads_Noviembre2025_S_Diciembre_MB_Febrero,2025-12-21,6335,213,44.495187,9.002263,0.03362273086029992,0.208897,PERFORMANCE_MAX
CA_Planes_Search_Noviembre2025_MB_Diciembre_Febrero_Marzo,2025-12-21,2341,118,8.676688,6,0.05040580948312687,0.073531,SEARCH
CA_Auto Moto_DemandGen_Branding_Septiembre 2025_SG_Diciembre_MB,2025-12-22,28767,2378,10.528643,1.000398,0.08266416379879724,0.004427,DEMAND_GEN
CA_AutoKM_Search_Leads_Octubre2025_SG_Diciembre_Febrero_Marzo,2025-12-22,2061,107,30.529334,12.000263,0.051916545366327026,0.28532,SEARCH
CA_AutoTradicional_Search_Leads_Noviembre2025_MB_Diciembre_Febrero_Marzo,2025-12-22,361,13,35.05,2,0.036011080332409975,2.696153,SEARCH
CA_AutoKM_PMax_Leads_Noviembre2025_S_Diciembre_MB_Febrero,2025-12-22,4139,270,37.090643,6.005002,0.06523314810340662,0.137372,PERFORMANCE_MAX
CA_Planes_Search_Noviembre2025_MB_Diciembre_Febrero_Marzo,2025-12-22,1399,104,28.338451,9.998911,0.07433881343817011,0.272485,SEARCH
CA_Auto Moto_DemandGen_Branding_Septiembre 2025_SG_Diciembre_MB,2025-12-23,32593,2514,10.525984,1.006072,0.0771331267450066,0.004186,DEMAND_GEN
CA_AutoKM_Search_Leads_Octubre2025_SG_Diciembre_Febrero_Marzo,2025-12-23,1628,129,32.795436,16,0.07923832923832924,0.254228,SEARCH
CA_AutoTradicional_Search_Leads_Noviembre2025_MB_Diciembre_Febrero_Marzo,2025-12-23,149,14,27.040615,1,0.09395973154362416,1.931472,SEARCH
CA_AutoKM_PMax_Leads_Noviembre2025_S_Diciembre_MB_Febrero,2025-12-23,5893,429,40.530431,17.050314,0.07279823519429832,0.094476,PERFORMANCE_MAX
CA_Planes_Search_Noviembre2025_MB_Diciembre_Febrero_Marzo,2025-12-23,887,84,24.669113,11,0.09470124013528748,0.293679,SEARCH
CA_Auto Moto_DemandGen_Branding_Septiembre 2025_SG_Diciembre_MB,2025-12-24,33792,2694,10.562781,0.005306,0.07972301136363637,0.00392,DEMAND_GEN
CA_AutoKM_Search_Leads_Octubre2025_SG_Diciembre_Febrero_Marzo,2025-12-24,1839,122,28.789553,19.998365,0.06634040239260468,0.235979,SEARCH
CA_AutoTradicional_Search_Leads_Noviembre2025_MB_Diciembre_Febrero_Marzo,2025-12-24,126,4,12.139012,0,0.031746031746031744,3.034753,SEARCH
CA_AutoKM_PMax_Leads_Noviembre2025_S_Diciembre_MB_Febrero,2025-12-24,68894,6042,47.419121,111.132643,0.08769994484280198,0.007848,PERFORMANCE_MAX
CA_Planes_Search_Noviembre2025_MB_Diciembre_Febrero_Marzo,2025-12-24,757,53,8.771813,3,0.07001321003963012,0.165505,SEARCH
CA_Auto Moto_DemandGen_Branding_Septiembre 2025_SG_Diciembre_MB,2025-12-25,36246,2581,10.554577,0.111638,0.07120785741874966,0.004089,DEMAND_GEN
CA_AutoKM_Search_Leads_Octubre2025_SG_Diciembre_Febrero_Marzo,2025-12-25,2100,156,33.510154,18.001096,0.07428571428571429,0.214808,SEARCH
CA_AutoTradicional_Search_Leads_Noviembre2025_MB_Diciembre_Febrero_Marzo,2025-12-25,131,6,9.76,2,0.04580152671755725,1.626666,SEARCH
CA_AutoKM_PMax_Leads_Noviembre2025_S_Diciembre_MB_Febrero,2025-12-25,94596,8322,47.249642,106.735479,0.08797412152733732,0.005677,PERFORMANCE_MAX
CA_Planes_Search_Noviembre2025_MB_Diciembre_Febrero_Marzo,2025-12-25,1891,144,21.036847,6,0.07615018508725542,0.146089,SEARCH
CA_Auto Moto_DemandGen_Branding_Septiembre 2025_SG_Diciembre_MB,2025-12-26,36497,2727,10.597536,0,0.0747184700112338,0.003886,DEMAND_GEN
CA_AutoKM_Search_Leads_Octubre2025_SG_Diciembre_Febrero_Marzo,2025-12-26,2514,184,44.772554,30.126506,0.07319013524264122,0.243329,SEARCH
CA_AutoTradicional_Search_Leads_Noviembre2025_MB_Diciembre_Febrero_Marzo,2025-12-26,437,19,46.71,2,0.043478260869565216,2.458421,SEARCH
CA_AutoKM_PMax_Leads_Noviembre2025_S_Diciembre_MB_Febrero,2025-12-26,85599,6765,42.933488,110.665687,0.07903129709459222,0.006346,PERFORMANCE_MAX
CA_Planes_Search_Noviembre2025_MB_Diciembre_Febrero_Marzo,2025-12-26,2880,199,32.22135,13.08348,0.06909722222222223,0.161916,SEARCH
CA_Auto Moto_DemandGen_Branding_Septiembre 2025_SG_Diciembre_MB,2025-12-27,37633,2552,10.604161,0,0.06781282385140701,0.004155,DEMAND_GEN
CA_AutoKM_Search_Leads_Octubre2025_SG_Diciembre_Febrero_Marzo,2025-12-27,2399,214,61.411356,38.000824,0.08920383493122135,0.286968,SEARCH
CA_AutoTradicional_Search_Leads_Noviembre2025_MB_Diciembre_Febrero_Marzo,2025-12-27,247,18,78.742791,3,0.0728744939271255,4.374599,SEARCH
CA_AutoKM_PMax_Leads_Noviembre2025_S_Diciembre_MB_Febrero,2025-12-27,99506,7975,46.313865,129.258996,0.08014592084899404,0.005807,PERFORMANCE_MAX
CA_Planes_Search_Noviembre2025_MB_Diciembre_Febrero_Marzo,2025-12-27,2602,209,20.706284,7.999728,0.0803228285933897,0.099073,SEARCH
CA_Auto Moto_DemandGen_Branding_Septiembre 2025_SG_Diciembre_MB,2025-12-28,36563,2474,10.566989,0,0.0676640319448623,0.004271,DEMAND_GEN
CA_AutoKM_Search_Leads_Octubre2025_SG_Diciembre_Febrero_Marzo,2025-12-28,2660,225,73.60411,35.998967,0.08458646616541353,0.327129,SEARCH
CA_AutoTradicional_Search_Leads_Noviembre2025_MB_Diciembre_Febrero_Marzo,2025-12-28,128,8,37.58,1,0.0625,4.6975,SEARCH
CA_AutoKM_PMax_Leads_Noviembre2025_S_Diciembre_MB_Febrero,2025-12-28,130167,9749,45.868162,153.301486,0.074896095016402,0.004704,PERFORMANCE_MAX
CA_Planes_Search_Noviembre2025_MB_Diciembre_Febrero_Marzo,2025-12-28,2290,218,17.637581,6,0.09519650655021834,0.080906,SEARCH
CA_Auto Moto_DemandGen_Branding_Septiembre 2025_SG_Diciembre_MB,2025-12-29,37124,2687,10.636078,1.000076,0.07237905398125202,0.003958,DEMAND_GEN
CA_AutoKM_Search_Leads_Octubre2025_SG_Diciembre_Febrero_Marzo,2025-12-29,2050,181,119.134686,32.9974,0.08829268292682926,0.658202,SEARCH
CA_AutoTradicional_Search_Leads_Noviembre2025_MB_Diciembre_Febrero_Marzo,2025-12-29,221,14,49.079672,2,0.06334841628959276,3.50569,SEARCH
CA_AutoKM_PMax_Leads_Noviembre2025_S_Diciembre_MB_Febrero,2025-12-29,154531,10054,42.452961,127.333706,0.0650613792701788,0.004222,PERFORMANCE_MAX
CA_Planes_Search_Noviembre2025_MB_Diciembre_Febrero_Marzo,2025-12-29,2193,216,58.879068,17.999176,0.09849521203830369,0.272588,SEARCH
CA_Auto Moto_DemandGen_Branding_Septiembre 2025_SG_Diciembre_MB,2025-12-30,35494,2875,10.689732,1.999231,0.0809996055671381,0.003718,DEMAND_GEN
CA_AutoKM_Search_Leads_Octubre2025_SG_Diciembre_Febrero_Marzo,2025-12-30,1484,124,72.236835,27.191258,0.08355795148247978,0.582555,SEARCH
CA_AutoTradicional_Search_Leads_Noviembre2025_MB_Diciembre_Febrero_Marzo,2025-12-30,261,15,42.47,2,0.05747126436781609,2.831333,SEARCH
CA_AutoKM_PMax_Leads_Noviembre2025_S_Diciembre_MB_Febrero,2025-12-30,141098,7275,31.237233,91.986882,0.051559908715927937,0.004293,PERFORMANCE_MAX
CA_Planes_Search_Noviembre2025_MB_Diciembre_Febrero_Marzo,2025-12-30,569,57,59.23194,5.5,0.10017574692442882,1.039156,SEARCH
CA_Auto Moto_DemandGen_Branding_Septiembre 2025_SG_Diciembre_MB,2025-12-31,32753,2944,10.640169,0,0.0898848960400574,0.003614,DEMAND_GEN
CA_AutoKM_Search_Leads_Octubre2025_SG_Diciembre_Febrero_Marzo,2025-12-31,1418,103,61.901217,14.499955,0.07263751763046544,0.600982,SEARCH
CA_AutoTradicional_Search_Leads_Noviembre2025_MB_Diciembre_Febrero_Marzo,2025-12-31,190,12,35.67699,0,0.06315789473684211,2.973082,SEARCH
CA_AutoKM_PMax_Leads_Noviembre2025_S_Diciembre_MB_Febrero,2025-12-31,294942,11528,58.992035,136.021009,0.039085650738111224,0.005117,PERFORMANCE_MAX
CA_Planes_Search_Noviembre2025_MB_Diciembre_Febrero_Marzo,2025-12-31,654,59,30.499159,1,0.09021406727828746,0.516934,SEARCH
